image,split,source,frame,positive,augmented,operations
ball_test_20260730_172702_f00000000_t0000000000_2.jpg,train,final_scene_positive,0,1,0,original
ball_test_20260730_172702_f00000000_t0000000000_2_aug.jpg,train,final_scene_positive,0,1,1,hsv+motion_blur
ball_test_20260730_172702_f00000010_t0000000347_1.jpg,train,final_scene_positive,10,1,0,original
ball_test_20260730_172702_f00000010_t0000000347_1_aug.jpg,train,final_scene_positive,10,1,1,gray3+gamma_1.10+hsv+glare
ball_test_20260730_172702_f00000020_t0000000694_3.jpg,train,final_scene_positive,20,1,0,original
ball_test_20260730_172702_f00000020_t0000000694_3_aug.jpg,train,final_scene_positive,20,1,1,hsv+motion_blur
ball_test_20260730_172702_f00000030_t0000001040_4.jpg,train,final_scene_positive,30,1,0,original
ball_test_20260730_172702_f00000030_t0000001040_4_aug.jpg,train,final_scene_positive,30,1,1,gamma_0.87+hsv+shadow
ball_test_20260730_172702_f00000040_t0000001387_6.jpg,train,final_scene_positive,40,1,0,original
ball_test_20260730_172702_f00000040_t0000001387_6_aug.jpg,train,final_scene_positive,40,1,1,hsv
ball_test_20260730_172702_f00000050_t0000001734_5.jpg,train,final_scene_positive,50,1,0,original
ball_test_20260730_172702_f00000050_t0000001734_5_aug.jpg,train,final_scene_positive,50,1,1,hsv+glare+noise
ball_test_20260730_172702_f00000060_t0000002081_7.jpg,train,final_scene_positive,60,1,0,original
ball_test_20260730_172702_f00000060_t0000002081_7_aug.jpg,train,final_scene_positive,60,1,1,gamma_1.01+hsv+shadow+motion_blur+noise
ball_test_20260730_172702_f00000070_t0000002428_8.jpg,train,final_scene_positive,70,1,0,original
ball_test_20260730_172702_f00000070_t0000002428_8_aug.jpg,train,final_scene_positive,70,1,1,gamma_0.82
ball_test_20260730_172702_f00000080_t0000002775_9.jpg,train,final_scene_positive,80,1,0,original
ball_test_20260730_172702_f00000080_t0000002775_9_aug.jpg,train,final_scene_positive,80,1,1,gamma_1.00+hsv
ball_test_20260730_172702_f00000090_t0000003121_10.jpg,train,final_scene_positive,90,1,0,original
ball_test_20260730_172702_f00000090_t0000003121_10_aug.jpg,train,final_scene_positive,90,1,1,gamma_0.82
ball_test_20260730_172702_f00000100_t0000003468_173.jpg,train,final_scene_positive,100,1,0,original
ball_test_20260730_172702_f00000100_t0000003468_173_aug.jpg,train,final_scene_positive,100,1,1,gamma_0.76+shadow
ball_test_20260730_172702_f00000110_t0000003815_175.jpg,train,final_scene_positive,110,1,0,original
ball_test_20260730_172702_f00000110_t0000003815_175_aug.jpg,train,final_scene_positive,110,1,1,gray3+hsv
ball_test_20260730_172702_f00000120_t0000004162_176.jpg,train,final_scene_positive,120,1,0,original
ball_test_20260730_172702_f00000120_t0000004162_176_aug.jpg,train,final_scene_positive,120,1,1,gamma_0.81+hsv+shadow
ball_test_20260730_172702_f00000130_t0000004509_178.jpg,train,final_scene_positive,130,1,0,original
ball_test_20260730_172702_f00000130_t0000004509_178_aug.jpg,train,final_scene_positive,130,1,1,gamma_0.83+hsv+shadow+glare
ball_test_20260730_172702_f00000140_t0000004856_177.jpg,train,final_scene_positive,140,1,0,original
ball_test_20260730_172702_f00000140_t0000004856_177_aug.jpg,train,final_scene_positive,140,1,1,gamma_0.74
ball_test_20260730_172702_f00000150_t0000005202_179.jpg,train,final_scene_positive,150,1,0,original
ball_test_20260730_172702_f00000150_t0000005202_179_aug.jpg,train,final_scene_positive,150,1,1,gamma_1.40
ball_test_20260730_172702_f00000160_t0000005549_180.jpg,train,final_scene_positive,160,1,0,original
ball_test_20260730_172702_f00000160_t0000005549_180_aug.jpg,train,final_scene_positive,160,1,1,gamma_1.05+hsv+shadow+gaussian_blur
ball_test_20260730_172702_f00000170_t0000005896_181.jpg,train,final_scene_positive,170,1,0,original
ball_test_20260730_172702_f00000170_t0000005896_181_aug.jpg,train,final_scene_positive,170,1,1,hsv+noise
ball_test_20260730_172702_f00000180_t0000006243_182.jpg,train,final_scene_positive,180,1,0,original
ball_test_20260730_172702_f00000180_t0000006243_182_aug.jpg,train,final_scene_positive,180,1,1,gamma_0.70+shadow+gaussian_blur
ball_test_20260730_172702_f00000190_t0000006590_11.jpg,train,final_scene_positive,190,1,0,original
ball_test_20260730_172702_f00000190_t0000006590_11_aug.jpg,train,final_scene_positive,190,1,1,gamma_0.81+hsv+shadow+motion_blur
ball_test_20260730_172702_f00000200_t0000006936_13.jpg,train,final_scene_positive,200,1,0,original
ball_test_20260730_172702_f00000200_t0000006936_13_aug.jpg,train,final_scene_positive,200,1,1,gamma_1.06+hsv
ball_test_20260730_172702_f00000210_t0000007283_12.jpg,train,final_scene_positive,210,1,0,original
ball_test_20260730_172702_f00000210_t0000007283_12_aug.jpg,train,final_scene_positive,210,1,1,hsv+noise
ball_test_20260730_172702_f00000220_t0000007630_183.jpg,train,final_scene_positive,220,1,0,original
ball_test_20260730_172702_f00000220_t0000007630_183_aug.jpg,train,final_scene_positive,220,1,1,gamma_0.89+hsv+shadow
ball_test_20260730_172702_f00000230_t0000007977_184.jpg,train,final_scene_positive,230,1,0,original
ball_test_20260730_172702_f00000230_t0000007977_184_aug.jpg,train,final_scene_positive,230,1,1,hsv+motion_blur
ball_test_20260730_172702_f00000240_t0000008324_185.jpg,train,final_scene_positive,240,1,0,original
ball_test_20260730_172702_f00000240_t0000008324_185_aug.jpg,train,final_scene_positive,240,1,1,gamma_1.14+hsv+shadow
ball_test_20260730_172702_f00000250_t0000008671_159.jpg,train,final_scene_positive,250,1,0,original
ball_test_20260730_172702_f00000250_t0000008671_159_aug.jpg,train,final_scene_positive,250,1,1,gray3+gamma_0.84+hsv
ball_test_20260730_172702_f00000260_t0000009017_187.jpg,train,final_scene_positive,260,1,0,original
ball_test_20260730_172702_f00000260_t0000009017_187_aug.jpg,train,final_scene_positive,260,1,1,gamma_1.04+shadow
ball_test_20260730_172702_f00000270_t0000009364_188.jpg,train,final_scene_positive,270,1,0,original
ball_test_20260730_172702_f00000270_t0000009364_188_aug.jpg,train,final_scene_positive,270,1,1,gamma_1.06+hsv
ball_test_20260730_172702_f00000280_t0000009711_87.jpg,train,final_scene_positive,280,1,0,original
ball_test_20260730_172702_f00000280_t0000009711_87_aug.jpg,train,final_scene_positive,280,1,1,gamma_0.99+hsv+shadow
ball_test_20260730_172702_f00000290_t0000010058_88.jpg,train,final_scene_positive,290,1,0,original
ball_test_20260730_172702_f00000290_t0000010058_88_aug.jpg,train,final_scene_positive,290,1,1,shadow+motion_blur
ball_test_20260730_172702_f00000300_t0000010405_89.jpg,train,final_scene_positive,300,1,0,original
ball_test_20260730_172702_f00000300_t0000010405_89_aug.jpg,train,final_scene_positive,300,1,1,hsv+shadow+motion_blur
ball_test_20260730_172702_f00000310_t0000010752_190.jpg,train,final_scene_positive,310,1,0,original
ball_test_20260730_172702_f00000310_t0000010752_190_aug.jpg,train,final_scene_positive,310,1,1,gamma_0.74+motion_blur
ball_test_20260730_172702_f00000320_t0000011098_231.jpg,train,final_scene_positive,320,1,0,original
ball_test_20260730_172702_f00000320_t0000011098_231_aug.jpg,train,final_scene_positive,320,1,1,gamma_0.89
ball_test_20260730_172702_f00000330_t0000011445_14.jpg,train,final_scene_positive,330,1,0,original
ball_test_20260730_172702_f00000330_t0000011445_14_aug.jpg,train,final_scene_positive,330,1,1,gamma_0.76+hsv+glare
ball_test_20260730_172702_f00000340_t0000011792_232.jpg,train,final_scene_positive,340,1,0,original
ball_test_20260730_172702_f00000340_t0000011792_232_aug.jpg,train,final_scene_positive,340,1,1,gamma_1.30+gaussian_blur
ball_test_20260730_172702_f00000350_t0000012139_233.jpg,train,final_scene_positive,350,1,0,original
ball_test_20260730_172702_f00000350_t0000012139_233_aug.jpg,train,final_scene_positive,350,1,1,gamma_1.21+hsv+shadow
ball_test_20260730_172702_f00000360_t0000012486_235.jpg,train,final_scene_positive,360,1,0,original
ball_test_20260730_172702_f00000360_t0000012486_235_aug.jpg,train,final_scene_positive,360,1,1,gamma_0.97
ball_test_20260730_172702_f00000370_t0000012833_123.jpg,train,final_scene_positive,370,1,0,original
ball_test_20260730_172702_f00000370_t0000012833_123_aug.jpg,train,final_scene_positive,370,1,1,gamma_0.82
ball_test_20260730_172702_f00000380_t0000013179_136.jpg,train,final_scene_positive,380,1,0,original
ball_test_20260730_172702_f00000380_t0000013179_136_aug.jpg,train,final_scene_positive,380,1,1,hsv
ball_test_20260730_172702_f00000390_t0000013526_148.jpg,train,final_scene_positive,390,1,0,original
ball_test_20260730_172702_f00000390_t0000013526_148_aug.jpg,train,final_scene_positive,390,1,1,gamma_1.25
ball_test_20260730_172702_f00000400_t0000013873_236.jpg,train,final_scene_positive,400,1,0,original
ball_test_20260730_172702_f00000400_t0000013873_236_aug.jpg,train,final_scene_positive,400,1,1,gray3+gamma_1.37+hsv
ball_test_20260730_172702_f00000410_t0000014220_149.jpg,train,final_scene_positive,410,1,0,original
ball_test_20260730_172702_f00000410_t0000014220_149_aug.jpg,train,final_scene_positive,410,1,1,gamma_1.04+noise
ball_test_20260730_172702_f00000420_t0000014567_150.jpg,train,final_scene_positive,420,1,0,original
ball_test_20260730_172702_f00000420_t0000014567_150_aug.jpg,train,final_scene_positive,420,1,1,gamma_1.00
ball_test_20260730_172702_f00000430_t0000014913_151.jpg,train,final_scene_positive,430,1,0,original
ball_test_20260730_172702_f00000430_t0000014913_151_aug.jpg,train,final_scene_positive,430,1,1,gray3+gamma_1.32+motion_blur
ball_test_20260730_172702_f00000440_t0000015260_153.jpg,train,final_scene_positive,440,1,0,original
ball_test_20260730_172702_f00000440_t0000015260_153_aug.jpg,train,final_scene_positive,440,1,1,gray3+gamma_1.32+hsv
ball_test_20260730_172702_f00000450_t0000015607_152.jpg,train,final_scene_positive,450,1,0,original
ball_test_20260730_172702_f00000450_t0000015607_152_aug.jpg,train,final_scene_positive,450,1,1,gamma_0.82
ball_test_20260730_172702_f00000460_t0000015954_124.jpg,train,final_scene_positive,460,1,0,original
ball_test_20260730_172702_f00000460_t0000015954_124_aug.jpg,train,final_scene_positive,460,1,1,gamma_0.82
ball_test_20260730_172702_f00000470_t0000016301_126.jpg,train,final_scene_positive,470,1,0,original
ball_test_20260730_172702_f00000470_t0000016301_126_aug.jpg,train,final_scene_positive,470,1,1,hsv
ball_test_20260730_172702_f00000480_t0000016648_125.jpg,train,final_scene_positive,480,1,0,original
ball_test_20260730_172702_f00000480_t0000016648_125_aug.jpg,train,final_scene_positive,480,1,1,gamma_0.82
ball_test_20260730_172702_f00000490_t0000016994_127.jpg,train,final_scene_positive,490,1,0,original
ball_test_20260730_172702_f00000490_t0000016994_127_aug.jpg,train,final_scene_positive,490,1,1,gamma_0.86+hsv
ball_test_20260730_172702_f00000500_t0000017341_128.jpg,train,final_scene_positive,500,1,0,original
ball_test_20260730_172702_f00000500_t0000017341_128_aug.jpg,train,final_scene_positive,500,1,1,hsv+shadow
ball_test_20260730_172702_f00000510_t0000017688_129.jpg,train,final_scene_positive,510,1,0,original
ball_test_20260730_172702_f00000510_t0000017688_129_aug.jpg,train,final_scene_positive,510,1,1,gamma_0.73+shadow
ball_test_20260730_172702_f00000520_t0000018035_154.jpg,train,final_scene_positive,520,1,0,original
ball_test_20260730_172702_f00000520_t0000018035_154_aug.jpg,train,final_scene_positive,520,1,1,glare
ball_test_20260730_172702_f00000530_t0000018382_155.jpg,train,final_scene_positive,530,1,0,original
ball_test_20260730_172702_f00000530_t0000018382_155_aug.jpg,train,final_scene_positive,530,1,1,gray3+gamma_0.71+hsv
ball_test_20260730_172702_f00000540_t0000018729_156.jpg,train,final_scene_positive,540,1,0,original
ball_test_20260730_172702_f00000540_t0000018729_156_aug.jpg,train,final_scene_positive,540,1,1,hsv+glare+gaussian_blur
ball_test_20260730_172702_f00000550_t0000019075_130.jpg,train,final_scene_positive,550,1,0,original
ball_test_20260730_172702_f00000550_t0000019075_130_aug.jpg,train,final_scene_positive,550,1,1,gamma_1.20+hsv
ball_test_20260730_172702_f00000560_t0000019422_131.jpg,train,final_scene_positive,560,1,0,original
ball_test_20260730_172702_f00000560_t0000019422_131_aug.jpg,train,final_scene_positive,560,1,1,gray3+gamma_1.21
ball_test_20260730_172702_f00000570_t0000019769_189.jpg,train,final_scene_positive,570,1,0,original
ball_test_20260730_172702_f00000570_t0000019769_189_aug.jpg,train,final_scene_positive,570,1,1,shadow
ball_test_20260730_172702_f00000580_t0000020116_144.jpg,train,final_scene_positive,580,1,0,original
ball_test_20260730_172702_f00000580_t0000020116_144_aug.jpg,train,final_scene_positive,580,1,1,gamma_1.29
ball_test_20260730_172702_f00000590_t0000020463_146.jpg,train,final_scene_positive,590,1,0,original
ball_test_20260730_172702_f00000590_t0000020463_146_aug.jpg,train,final_scene_positive,590,1,1,gamma_1.24+hsv
ball_test_20260730_172702_f00000600_t0000020809_145.jpg,train,final_scene_positive,600,1,0,original
ball_test_20260730_172702_f00000600_t0000020809_145_aug.jpg,train,final_scene_positive,600,1,1,gamma_0.82
ball_test_20260730_172702_f00000610_t0000021156_147.jpg,train,final_scene_positive,610,1,0,original
ball_test_20260730_172702_f00000610_t0000021156_147_aug.jpg,train,final_scene_positive,610,1,1,gray3+shadow
ball_test_20260730_172702_f00000620_t0000021503_157.jpg,train,final_scene_positive,620,1,0,original
ball_test_20260730_172702_f00000620_t0000021503_157_aug.jpg,train,final_scene_positive,620,1,1,gray3+gamma_1.05+hsv
ball_test_20260730_172702_f00000630_t0000021850_132.jpg,train,final_scene_positive,630,1,0,original
ball_test_20260730_172702_f00000630_t0000021850_132_aug.jpg,train,final_scene_positive,630,1,1,hsv+shadow+glare
ball_test_20260730_172702_f00000640_t0000022197_133.jpg,train,final_scene_positive,640,1,0,original
ball_test_20260730_172702_f00000640_t0000022197_133_aug.jpg,train,final_scene_positive,640,1,1,gamma_1.06+hsv+motion_blur+noise
ball_test_20260730_172702_f00000650_t0000022544_122.jpg,train,final_scene_positive,650,1,0,original
ball_test_20260730_172702_f00000650_t0000022544_122_aug.jpg,train,final_scene_positive,650,1,1,gamma_1.07+gaussian_blur
ball_test_20260730_172702_f00000660_t0000022890_134.jpg,train,final_scene_positive,660,1,0,original
ball_test_20260730_172702_f00000660_t0000022890_134_aug.jpg,train,final_scene_positive,660,1,1,gamma_0.97+hsv+noise
ball_test_20260730_172702_f00000670_t0000023237_135.jpg,train,final_scene_positive,670,1,0,original
ball_test_20260730_172702_f00000670_t0000023237_135_aug.jpg,train,final_scene_positive,670,1,1,gamma_1.32
ball_test_20260730_172702_f00000680_t0000023584_15.jpg,train,final_scene_positive,680,1,0,original
ball_test_20260730_172702_f00000680_t0000023584_15_aug.jpg,train,final_scene_positive,680,1,1,gamma_0.95+noise
ball_test_20260730_172702_f00000690_t0000023931_16.jpg,train,final_scene_positive,690,1,0,original
ball_test_20260730_172702_f00000690_t0000023931_16_aug.jpg,train,final_scene_positive,690,1,1,gamma_1.06+shadow
ball_test_20260730_172702_f00000700_t0000024278_17.jpg,train,final_scene_positive,700,1,0,original
ball_test_20260730_172702_f00000700_t0000024278_17_aug.jpg,train,final_scene_positive,700,1,1,gray3+gamma_1.45
ball_test_20260730_172702_f00000710_t0000024625_18.jpg,train,final_scene_positive,710,1,0,original
ball_test_20260730_172702_f00000710_t0000024625_18_aug.jpg,train,final_scene_positive,710,1,1,hsv+shadow
ball_test_20260730_172702_f00000720_t0000024971_81.jpg,train,final_scene_positive,720,1,0,original
ball_test_20260730_172702_f00000720_t0000024971_81_aug.jpg,train,final_scene_positive,720,1,1,gamma_0.81+hsv+shadow
ball_test_20260730_172702_f00000730_t0000025318_82.jpg,train,final_scene_positive,730,1,0,original
ball_test_20260730_172702_f00000730_t0000025318_82_aug.jpg,train,final_scene_positive,730,1,1,gamma_1.15+hsv
ball_test_20260730_172702_f00000740_t0000025665_83.jpg,train,final_scene_positive,740,1,0,original
ball_test_20260730_172702_f00000740_t0000025665_83_aug.jpg,train,final_scene_positive,740,1,1,gamma_1.11+hsv+shadow+motion_blur+noise
ball_test_20260730_172702_f00000750_t0000026012_137.jpg,train,final_scene_positive,750,1,0,original
ball_test_20260730_172702_f00000750_t0000026012_137_aug.jpg,train,final_scene_positive,750,1,1,hsv
ball_test_20260730_172702_f00000760_t0000026359_138.jpg,train,final_scene_positive,760,1,0,original
ball_test_20260730_172702_f00000760_t0000026359_138_aug.jpg,train,final_scene_positive,760,1,1,gamma_0.67
ball_test_20260730_172702_f00000770_t0000026706_139.jpg,train,final_scene_positive,770,1,0,original
ball_test_20260730_172702_f00000770_t0000026706_139_aug.jpg,train,final_scene_positive,770,1,1,gray3+hsv
ball_test_20260730_172702_f00000780_t0000027052_140.jpg,train,final_scene_positive,780,1,0,original
ball_test_20260730_172702_f00000780_t0000027052_140_aug.jpg,train,final_scene_positive,780,1,1,gamma_0.93+shadow
ball_test_20260730_172702_f00000790_t0000027399_141.jpg,train,final_scene_positive,790,1,0,original
ball_test_20260730_172702_f00000790_t0000027399_141_aug.jpg,train,final_scene_positive,790,1,1,gray3+gamma_0.73
ball_test_20260730_172702_f00000800_t0000027746_19.jpg,train,final_scene_positive,800,1,0,original
ball_test_20260730_172702_f00000800_t0000027746_19_aug.jpg,train,final_scene_positive,800,1,1,gamma_0.65+hsv+shadow
ball_test_20260730_172702_f00000810_t0000028093_142.jpg,train,final_scene_positive,810,1,0,original
ball_test_20260730_172702_f00000810_t0000028093_142_aug.jpg,train,final_scene_positive,810,1,1,gray3+gamma_0.78+hsv
ball_test_20260730_172702_f00000820_t0000028440_143.jpg,train,final_scene_positive,820,1,0,original
ball_test_20260730_172702_f00000820_t0000028440_143_aug.jpg,train,final_scene_positive,820,1,1,gray3+gamma_1.26
ball_test_20260730_172702_f00000830_t0000028786_158.jpg,train,final_scene_positive,830,1,0,original
ball_test_20260730_172702_f00000830_t0000028786_158_aug.jpg,train,final_scene_positive,830,1,1,gamma_1.36+hsv
ball_test_20260730_172702_f00000840_t0000029133_20.jpg,train,final_scene_positive,840,1,0,original
ball_test_20260730_172702_f00000840_t0000029133_20_aug.jpg,train,final_scene_positive,840,1,1,hsv+motion_blur
ball_test_20260730_172702_f00000850_t0000029480_21.jpg,train,final_scene_positive,850,1,0,original
ball_test_20260730_172702_f00000850_t0000029480_21_aug.jpg,train,final_scene_positive,850,1,1,gray3+hsv
ball_test_20260730_172702_f00000860_t0000029827_22.jpg,train,final_scene_positive,860,1,0,original
ball_test_20260730_172702_f00000860_t0000029827_22_aug.jpg,train,final_scene_positive,860,1,1,gamma_1.41
ball_test_20260730_172702_f00000900_t0000031214_237.jpg,test,final_scene_positive,900,1,0,original
ball_test_20260730_172702_f00000910_t0000031561_238.jpg,test,final_scene_positive,910,1,0,original
ball_test_20260730_172702_f00000920_t0000031908_239.jpg,test,final_scene_positive,920,1,0,original
ball_test_20260730_172702_f00000930_t0000032255_240.jpg,test,final_scene_positive,930,1,0,original
ball_test_20260730_172702_f00000940_t0000032602_241.jpg,test,final_scene_positive,940,1,0,original
ball_test_20260730_172702_f00000950_t0000032948_242.jpg,test,final_scene_positive,950,1,0,original
ball_test_20260730_172702_f00000960_t0000033295_243.jpg,test,final_scene_positive,960,1,0,original
ball_test_20260730_172702_f00000970_t0000033642_249.jpg,test,final_scene_positive,970,1,0,original
ball_test_20260730_172702_f00000980_t0000033989_244.jpg,test,final_scene_positive,980,1,0,original
ball_test_20260730_172702_f00000990_t0000034336_245.jpg,test,final_scene_positive,990,1,0,original
ball_test_20260730_172702_f00001000_t0000034682_246.jpg,test,final_scene_positive,1000,1,0,original
ball_test_20260730_172702_f00001010_t0000035029_216.jpg,test,final_scene_positive,1010,1,0,original
ball_test_20260730_172702_f00001020_t0000035376_186.jpg,test,final_scene_positive,1020,1,0,original
ball_test_20260730_172702_f00001030_t0000035723_247.jpg,test,final_scene_positive,1030,1,0,original
ball_test_20260730_172702_f00001040_t0000036070_218.jpg,test,final_scene_positive,1040,1,0,original
ball_test_20260730_172702_f00001050_t0000036417_91.jpg,test,final_scene_positive,1050,1,0,original
ball_test_20260730_172702_f00001060_t0000036763_92.jpg,test,final_scene_positive,1060,1,0,original
ball_test_20260730_172702_f00001070_t0000037110_219.jpg,test,final_scene_positive,1070,1,0,original
ball_test_20260730_172702_f00001080_t0000037457_220.jpg,test,final_scene_positive,1080,1,0,original
ball_test_20260730_172702_f00001090_t0000037804_221.jpg,test,final_scene_positive,1090,1,0,original
ball_test_20260730_172702_f00001100_t0000038151_222.jpg,test,final_scene_positive,1100,1,0,original
ball_test_20260730_172702_f00001110_t0000038498_223.jpg,test,final_scene_positive,1110,1,0,original
ball_test_20260730_172702_f00001120_t0000038844_224.jpg,test,final_scene_positive,1120,1,0,original
ball_test_20260730_172702_f00001130_t0000039191_120.jpg,test,final_scene_positive,1130,1,0,original
ball_test_20260730_172702_f00001140_t0000039538_25.jpg,test,final_scene_positive,1140,1,0,original
ball_test_20260730_172702_f00001150_t0000039885_121.jpg,test,final_scene_positive,1150,1,0,original
ball_test_20260730_172702_f00001160_t0000040232_225.jpg,test,final_scene_positive,1160,1,0,original
ball_test_20260730_172702_f00001170_t0000040579_226.jpg,test,final_scene_positive,1170,1,0,original
ball_test_20260730_172702_f00001180_t0000040925_227.jpg,test,final_scene_positive,1180,1,0,original
ball_test_20260730_172702_f00001190_t0000041272_26.jpg,test,final_scene_positive,1190,1,0,original
ball_test_20260730_172702_f00001230_t0000042659_30.jpg,train,final_scene_positive,1230,1,0,original
ball_test_20260730_172702_f00001230_t0000042659_30_aug.jpg,train,final_scene_positive,1230,1,1,gamma_1.41+shadow
ball_test_20260730_172702_f00001240_t0000043006_32.jpg,train,final_scene_positive,1240,1,0,original
ball_test_20260730_172702_f00001240_t0000043006_32_aug.jpg,train,final_scene_positive,1240,1,1,gamma_0.82+hsv
ball_test_20260730_172702_f00001250_t0000043353_31.jpg,train,final_scene_positive,1250,1,0,original
ball_test_20260730_172702_f00001250_t0000043353_31_aug.jpg,train,final_scene_positive,1250,1,1,hsv+shadow+noise
ball_test_20260730_172702_f00001260_t0000043700_33.jpg,train,final_scene_positive,1260,1,0,original
ball_test_20260730_172702_f00001260_t0000043700_33_aug.jpg,train,final_scene_positive,1260,1,1,gamma_1.08+hsv
ball_test_20260730_172702_f00001290_t0000044740_34.jpg,train,final_scene_positive,1290,1,0,original
ball_test_20260730_172702_f00001290_t0000044740_34_aug.jpg,train,final_scene_positive,1290,1,1,gray3+gamma_1.25+hsv+shadow
ball_test_20260730_172702_f00001300_t0000045087_35.jpg,train,final_scene_positive,1300,1,0,original
ball_test_20260730_172702_f00001300_t0000045087_35_aug.jpg,train,final_scene_positive,1300,1,1,gray3+gamma_0.69+hsv+shadow
ball_test_20260730_172702_f00001310_t0000045434_36.jpg,train,final_scene_positive,1310,1,0,original
ball_test_20260730_172702_f00001310_t0000045434_36_aug.jpg,train,final_scene_positive,1310,1,1,gamma_1.10+hsv
ball_test_20260730_172702_f00001320_t0000045781_37.jpg,train,final_scene_positive,1320,1,0,original
ball_test_20260730_172702_f00001320_t0000045781_37_aug.jpg,train,final_scene_positive,1320,1,1,gray3+gamma_1.02+hsv+shadow
ball_test_20260730_172702_f00001330_t0000046128_38.jpg,train,final_scene_positive,1330,1,0,original
ball_test_20260730_172702_f00001330_t0000046128_38_aug.jpg,train,final_scene_positive,1330,1,1,gamma_1.36+glare
ball_test_20260730_172702_f00001340_t0000046475_39.jpg,train,final_scene_positive,1340,1,0,original
ball_test_20260730_172702_f00001340_t0000046475_39_aug.jpg,train,final_scene_positive,1340,1,1,gamma_1.31
ball_test_20260730_172702_f00001350_t0000046821_40.jpg,train,final_scene_positive,1350,1,0,original
ball_test_20260730_172702_f00001350_t0000046821_40_aug.jpg,train,final_scene_positive,1350,1,1,gamma_1.37+hsv+gaussian_blur
ball_test_20260730_172702_f00001360_t0000047168_41.jpg,train,final_scene_positive,1360,1,0,original
ball_test_20260730_172702_f00001360_t0000047168_41_aug.jpg,train,final_scene_positive,1360,1,1,gamma_0.90+hsv+glare
ball_test_20260730_172702_f00001370_t0000047515_42.jpg,train,final_scene_positive,1370,1,0,original
ball_test_20260730_172702_f00001370_t0000047515_42_aug.jpg,train,final_scene_positive,1370,1,1,gamma_0.97
ball_test_20260730_172702_f00001380_t0000047862_43.jpg,train,final_scene_positive,1380,1,0,original
ball_test_20260730_172702_f00001380_t0000047862_43_aug.jpg,train,final_scene_positive,1380,1,1,gray3+gamma_1.08+hsv+glare
ball_test_20260730_172702_f00001390_t0000048209_44.jpg,train,final_scene_positive,1390,1,0,original
ball_test_20260730_172702_f00001390_t0000048209_44_aug.jpg,train,final_scene_positive,1390,1,1,gray3+hsv
ball_test_20260730_172702_f00001400_t0000048555_45.jpg,train,final_scene_positive,1400,1,0,original
ball_test_20260730_172702_f00001400_t0000048555_45_aug.jpg,train,final_scene_positive,1400,1,1,gamma_0.78+hsv+shadow
ball_test_20260730_172702_f00001410_t0000048902_46.jpg,train,final_scene_positive,1410,1,0,original
ball_test_20260730_172702_f00001410_t0000048902_46_aug.jpg,train,final_scene_positive,1410,1,1,hsv+glare
ball_test_20260730_172702_f00001420_t0000049249_47.jpg,train,final_scene_positive,1420,1,0,original
ball_test_20260730_172702_f00001420_t0000049249_47_aug.jpg,train,final_scene_positive,1420,1,1,gamma_0.95+hsv
ball_test_20260730_172702_f00001430_t0000049596_48.jpg,train,final_scene_positive,1430,1,0,original
ball_test_20260730_172702_f00001430_t0000049596_48_aug.jpg,train,final_scene_positive,1430,1,1,gamma_0.82
ball_test_20260730_172702_f00001440_t0000049943_49.jpg,train,final_scene_positive,1440,1,0,original
ball_test_20260730_172702_f00001440_t0000049943_49_aug.jpg,train,final_scene_positive,1440,1,1,hsv
ball_test_20260730_172702_f00001450_t0000050290_50.jpg,train,final_scene_positive,1450,1,0,original
ball_test_20260730_172702_f00001450_t0000050290_50_aug.jpg,train,final_scene_positive,1450,1,1,gamma_0.76+hsv
ball_test_20260730_172702_f00001460_t0000050636_51.jpg,train,final_scene_positive,1460,1,0,original
ball_test_20260730_172702_f00001460_t0000050636_51_aug.jpg,train,final_scene_positive,1460,1,1,gamma_0.69+hsv+glare
ball_test_20260730_172702_f00001500_t0000052024_55.jpg,val,final_scene_positive,1500,1,0,original
ball_test_20260730_172702_f00001510_t0000052371_56.jpg,val,final_scene_positive,1510,1,0,original
ball_test_20260730_172702_f00001520_t0000052717_228.jpg,val,final_scene_positive,1520,1,0,original
ball_test_20260730_172702_f00001530_t0000053064_229.jpg,val,final_scene_positive,1530,1,0,original
ball_test_20260730_172702_f00001540_t0000053411_160.jpg,val,final_scene_positive,1540,1,0,original
ball_test_20260730_172702_f00001550_t0000053758_161.jpg,val,final_scene_positive,1550,1,0,original
ball_test_20260730_172702_f00001560_t0000054105_163.jpg,val,final_scene_positive,1560,1,0,original
ball_test_20260730_172702_f00001570_t0000054451_162.jpg,val,final_scene_positive,1570,1,0,original
ball_test_20260730_172702_f00001580_t0000054798_57.jpg,val,final_scene_positive,1580,1,0,original
ball_test_20260730_172702_f00001590_t0000055145_58.jpg,val,final_scene_positive,1590,1,0,original
ball_test_20260730_172702_f00001600_t0000055492_59.jpg,val,final_scene_positive,1600,1,0,original
ball_test_20260730_172702_f00001610_t0000055839_60.jpg,val,final_scene_positive,1610,1,0,original
ball_test_20260730_172702_f00001620_t0000056186_61.jpg,val,final_scene_positive,1620,1,0,original
ball_test_20260730_172702_f00001630_t0000056532_62.jpg,val,final_scene_positive,1630,1,0,original
ball_test_20260730_172702_f00001640_t0000056879_164.jpg,val,final_scene_positive,1640,1,0,original
ball_test_20260730_172702_f00001650_t0000057226_166.jpg,val,final_scene_positive,1650,1,0,original
ball_test_20260730_172702_f00001660_t0000057573_165.jpg,val,final_scene_positive,1660,1,0,original
ball_test_20260730_172702_f00001670_t0000057920_215.jpg,val,final_scene_positive,1670,1,0,original
ball_test_20260730_172702_f00001680_t0000058267_248.jpg,val,final_scene_positive,1680,1,0,original
ball_test_20260730_172702_f00001690_t0000058613_234.jpg,val,final_scene_positive,1690,1,0,original
ball_test_20260730_172702_f00001700_t0000058960_230.jpg,val,final_scene_positive,1700,1,0,original
ball_test_20260730_172702_f00001710_t0000059307_191.jpg,val,final_scene_positive,1710,1,0,original
ball_test_20260730_172702_f00001720_t0000059654_192.jpg,val,final_scene_positive,1720,1,0,original
ball_test_20260730_172702_f00001730_t0000060001_193.jpg,val,final_scene_positive,1730,1,0,original
ball_test_20260730_172702_f00001740_t0000060348_100.jpg,val,final_scene_positive,1740,1,0,original
ball_test_20260730_172702_f00001750_t0000060694_101.jpg,val,final_scene_positive,1750,1,0,original
ball_test_20260730_172702_f00001760_t0000061041_102.jpg,val,final_scene_positive,1760,1,0,original
ball_test_20260730_172702_f00001770_t0000061388_198.jpg,val,final_scene_positive,1770,1,0,original
ball_test_20260730_172702_f00001780_t0000061735_103.jpg,val,final_scene_positive,1780,1,0,original
ball_test_20260730_172702_f00001790_t0000062082_194.jpg,val,final_scene_positive,1790,1,0,original
ball_test_20260730_172702_f00001830_t0000063469_106.jpg,train,final_scene_positive,1830,1,0,original
ball_test_20260730_172702_f00001830_t0000063469_106_aug.jpg,train,final_scene_positive,1830,1,1,gamma_1.01+hsv+motion_blur+noise
ball_test_20260730_172702_f00001840_t0000063816_107.jpg,train,final_scene_positive,1840,1,0,original
ball_test_20260730_172702_f00001840_t0000063816_107_aug.jpg,train,final_scene_positive,1840,1,1,gray3+gamma_0.75
ball_test_20260730_172702_f00001850_t0000064163_108.jpg,train,final_scene_positive,1850,1,0,original
ball_test_20260730_172702_f00001850_t0000064163_108_aug.jpg,train,final_scene_positive,1850,1,1,gray3+hsv+gaussian_blur
ball_test_20260730_172702_f00001860_t0000064509_217.jpg,train,final_scene_positive,1860,1,0,original
ball_test_20260730_172702_f00001860_t0000064509_217_aug.jpg,train,final_scene_positive,1860,1,1,gamma_1.18
ball_test_20260730_172702_f00001870_t0000064856_196.jpg,train,final_scene_positive,1870,1,0,original
ball_test_20260730_172702_f00001870_t0000064856_196_aug.jpg,train,final_scene_positive,1870,1,1,shadow+motion_blur
ball_test_20260730_172702_f00001880_t0000065203_109.jpg,train,final_scene_positive,1880,1,0,original
ball_test_20260730_172702_f00001880_t0000065203_109_aug.jpg,train,final_scene_positive,1880,1,1,gamma_1.40+shadow
ball_test_20260730_172702_f00001890_t0000065550_197.jpg,train,final_scene_positive,1890,1,0,original
ball_test_20260730_172702_f00001890_t0000065550_197_aug.jpg,train,final_scene_positive,1890,1,1,gamma_1.43+motion_blur
ball_test_20260730_172702_f00001900_t0000065897_199.jpg,train,final_scene_positive,1900,1,0,original
ball_test_20260730_172702_f00001900_t0000065897_199_aug.jpg,train,final_scene_positive,1900,1,1,gamma_0.82
ball_test_20260730_172702_f00001910_t0000066244_250.jpg,train,final_scene_positive,1910,1,0,original
ball_test_20260730_172702_f00001910_t0000066244_250_aug.jpg,train,final_scene_positive,1910,1,1,hsv+gaussian_blur+noise
ball_test_20260730_172702_f00001920_t0000066590_251.jpg,train,final_scene_positive,1920,1,0,original
ball_test_20260730_172702_f00001920_t0000066590_251_aug.jpg,train,final_scene_positive,1920,1,1,hsv+shadow
ball_test_20260730_172702_f00001930_t0000066937_252.jpg,train,final_scene_positive,1930,1,0,original
ball_test_20260730_172702_f00001930_t0000066937_252_aug.jpg,train,final_scene_positive,1930,1,1,gamma_0.71+hsv+shadow+gaussian_blur
ball_test_20260730_172702_f00001940_t0000067284_253.jpg,train,final_scene_positive,1940,1,0,original
ball_test_20260730_172702_f00001940_t0000067284_253_aug.jpg,train,final_scene_positive,1940,1,1,gamma_0.94+shadow+noise
ball_test_20260730_172702_f00001950_t0000067631_333.jpg,train,final_scene_positive,1950,1,0,original
ball_test_20260730_172702_f00001950_t0000067631_333_aug.jpg,train,final_scene_positive,1950,1,1,gamma_1.28+hsv+noise
ball_test_20260730_172702_f00001960_t0000067978_200.jpg,train,final_scene_positive,1960,1,0,original
ball_test_20260730_172702_f00001960_t0000067978_200_aug.jpg,train,final_scene_positive,1960,1,1,gray3+noise
ball_test_20260730_172702_f00001970_t0000068324_201.jpg,train,final_scene_positive,1970,1,0,original
ball_test_20260730_172702_f00001970_t0000068324_201_aug.jpg,train,final_scene_positive,1970,1,1,gamma_1.06+hsv
ball_test_20260730_172702_f00001980_t0000068671_202.jpg,train,final_scene_positive,1980,1,0,original
ball_test_20260730_172702_f00001980_t0000068671_202_aug.jpg,train,final_scene_positive,1980,1,1,gray3+gamma_0.83+hsv
ball_test_20260730_172702_f00001990_t0000069018_204.jpg,train,final_scene_positive,1990,1,0,original
ball_test_20260730_172702_f00001990_t0000069018_204_aug.jpg,train,final_scene_positive,1990,1,1,gamma_1.44+hsv
ball_test_20260730_172702_f00002000_t0000069365_110.jpg,train,final_scene_positive,2000,1,0,original
ball_test_20260730_172702_f00002000_t0000069365_110_aug.jpg,train,final_scene_positive,2000,1,1,glare+gaussian_blur
ball_test_20260730_172702_f00002010_t0000069712_111.jpg,train,final_scene_positive,2010,1,0,original
ball_test_20260730_172702_f00002010_t0000069712_111_aug.jpg,train,final_scene_positive,2010,1,1,shadow
ball_test_20260730_172702_f00002020_t0000070059_112.jpg,train,final_scene_positive,2020,1,0,original
ball_test_20260730_172702_f00002020_t0000070059_112_aug.jpg,train,final_scene_positive,2020,1,1,gamma_0.83+hsv+motion_blur
ball_test_20260730_172702_f00002030_t0000070405_113.jpg,train,final_scene_positive,2030,1,0,original
ball_test_20260730_172702_f00002030_t0000070405_113_aug.jpg,train,final_scene_positive,2030,1,1,shadow
ball_test_20260730_172702_f00002040_t0000070752_114.jpg,train,final_scene_positive,2040,1,0,original
ball_test_20260730_172702_f00002040_t0000070752_114_aug.jpg,train,final_scene_positive,2040,1,1,gamma_0.85
ball_test_20260730_172702_f00002050_t0000071099_115.jpg,train,final_scene_positive,2050,1,0,original
ball_test_20260730_172702_f00002050_t0000071099_115_aug.jpg,train,final_scene_positive,2050,1,1,gray3+gamma_0.93+hsv
ball_test_20260730_172702_f00002060_t0000071446_203.jpg,train,final_scene_positive,2060,1,0,original
ball_test_20260730_172702_f00002060_t0000071446_203_aug.jpg,train,final_scene_positive,2060,1,1,gray3+gamma_1.16+hsv
ball_test_20260730_172702_f00002070_t0000071793_205.jpg,train,final_scene_positive,2070,1,0,original
ball_test_20260730_172702_f00002070_t0000071793_205_aug.jpg,train,final_scene_positive,2070,1,1,gamma_0.89
ball_test_20260730_172702_f00002080_t0000072140_206.jpg,train,final_scene_positive,2080,1,0,original
ball_test_20260730_172702_f00002080_t0000072140_206_aug.jpg,train,final_scene_positive,2080,1,1,gamma_1.30+hsv
ball_test_20260730_172702_f00002090_t0000072486_207.jpg,train,final_scene_positive,2090,1,0,original
ball_test_20260730_172702_f00002090_t0000072486_207_aug.jpg,train,final_scene_positive,2090,1,1,gamma_1.40
ball_test_20260730_172702_f00002100_t0000072833_208.jpg,train,final_scene_positive,2100,1,0,original
ball_test_20260730_172702_f00002100_t0000072833_208_aug.jpg,train,final_scene_positive,2100,1,1,gamma_1.39+hsv
ball_test_20260730_172702_f00002110_t0000073180_116.jpg,train,final_scene_positive,2110,1,0,original
ball_test_20260730_172702_f00002110_t0000073180_116_aug.jpg,train,final_scene_positive,2110,1,1,gamma_0.69+hsv
ball_test_20260730_172702_f00002120_t0000073527_209.jpg,train,final_scene_positive,2120,1,0,original
ball_test_20260730_172702_f00002120_t0000073527_209_aug.jpg,train,final_scene_positive,2120,1,1,gamma_1.04+shadow
ball_test_20260730_172702_f00002130_t0000073874_117.jpg,train,final_scene_positive,2130,1,0,original
ball_test_20260730_172702_f00002130_t0000073874_117_aug.jpg,train,final_scene_positive,2130,1,1,gamma_1.07+hsv
ball_test_20260730_172702_f00002140_t0000074221_118.jpg,train,final_scene_positive,2140,1,0,original
ball_test_20260730_172702_f00002140_t0000074221_118_aug.jpg,train,final_scene_positive,2140,1,1,hsv+noise
ball_test_20260730_172702_f00002150_t0000074567_84.jpg,train,final_scene_positive,2150,1,0,original
ball_test_20260730_172702_f00002150_t0000074567_84_aug.jpg,train,final_scene_positive,2150,1,1,hsv
ball_test_20260730_172702_f00002160_t0000074914_85.jpg,train,final_scene_positive,2160,1,0,original
ball_test_20260730_172702_f00002160_t0000074914_85_aug.jpg,train,final_scene_positive,2160,1,1,noise
ball_test_20260730_172702_f00002170_t0000075261_63.jpg,train,final_scene_positive,2170,1,0,original
ball_test_20260730_172702_f00002170_t0000075261_63_aug.jpg,train,final_scene_positive,2170,1,1,gamma_1.34+shadow
ball_test_20260730_172702_f00002180_t0000075608_64.jpg,train,final_scene_positive,2180,1,0,original
ball_test_20260730_172702_f00002180_t0000075608_64_aug.jpg,train,final_scene_positive,2180,1,1,gamma_1.44+hsv+motion_blur
ball_test_20260730_172702_f00002190_t0000075955_65.jpg,train,final_scene_positive,2190,1,0,original
ball_test_20260730_172702_f00002190_t0000075955_65_aug.jpg,train,final_scene_positive,2190,1,1,gray3+hsv
ball_test_20260730_172702_f00002200_t0000076301_66.jpg,train,final_scene_positive,2200,1,0,original
ball_test_20260730_172702_f00002200_t0000076301_66_aug.jpg,train,final_scene_positive,2200,1,1,gray3+hsv+gaussian_blur
ball_test_20260730_172702_f00002210_t0000076648_67.jpg,train,final_scene_positive,2210,1,0,original
ball_test_20260730_172702_f00002210_t0000076648_67_aug.jpg,train,final_scene_positive,2210,1,1,shadow
ball_test_20260730_172702_f00002220_t0000076995_68.jpg,train,final_scene_positive,2220,1,0,original
ball_test_20260730_172702_f00002220_t0000076995_68_aug.jpg,train,final_scene_positive,2220,1,1,gamma_0.82
ball_test_20260730_172702_f00002230_t0000077342_69.jpg,train,final_scene_positive,2230,1,0,original
ball_test_20260730_172702_f00002230_t0000077342_69_aug.jpg,train,final_scene_positive,2230,1,1,gamma_0.75+shadow+glare
ball_test_20260730_172702_f00002240_t0000077689_334.jpg,train,final_scene_positive,2240,1,0,original
ball_test_20260730_172702_f00002240_t0000077689_334_aug.jpg,train,final_scene_positive,2240,1,1,gamma_1.08+hsv+motion_blur
ball_test_20260730_172702_f00002250_t0000078036_335.jpg,train,final_scene_positive,2250,1,0,original
ball_test_20260730_172702_f00002250_t0000078036_335_aug.jpg,train,final_scene_positive,2250,1,1,gamma_1.05+hsv
ball_test_20260730_172702_f00002260_t0000078382_336.jpg,train,final_scene_positive,2260,1,0,original
ball_test_20260730_172702_f00002260_t0000078382_336_aug.jpg,train,final_scene_positive,2260,1,1,gamma_1.39
ball_test_20260730_172702_f00002270_t0000078729_337.jpg,train,final_scene_positive,2270,1,0,original
ball_test_20260730_172702_f00002270_t0000078729_337_aug.jpg,train,final_scene_positive,2270,1,1,gamma_0.76+hsv+glare
ball_test_20260730_172702_f00002280_t0000079076_338.jpg,train,final_scene_positive,2280,1,0,original
ball_test_20260730_172702_f00002280_t0000079076_338_aug.jpg,train,final_scene_positive,2280,1,1,gamma_0.75
ball_test_20260730_172702_f00002290_t0000079423_339.jpg,train,final_scene_positive,2290,1,0,original
ball_test_20260730_172702_f00002290_t0000079423_339_aug.jpg,train,final_scene_positive,2290,1,1,gamma_0.80+hsv
ball_test_20260730_172702_f00002300_t0000079770_254.jpg,train,final_scene_positive,2300,1,0,original
ball_test_20260730_172702_f00002300_t0000079770_254_aug.jpg,train,final_scene_positive,2300,1,1,gray3+gamma_0.92+hsv
ball_test_20260730_172702_f00002310_t0000080117_255.jpg,train,final_scene_positive,2310,1,0,original
ball_test_20260730_172702_f00002310_t0000080117_255_aug.jpg,train,final_scene_positive,2310,1,1,gamma_0.73+noise
ball_test_20260730_172702_f00002320_t0000080463_351.jpg,train,final_scene_positive,2320,1,0,original
ball_test_20260730_172702_f00002320_t0000080463_351_aug.jpg,train,final_scene_positive,2320,1,1,gamma_0.71+hsv+shadow
ball_test_20260730_172702_f00002330_t0000080810_256.jpg,train,final_scene_positive,2330,1,0,original
ball_test_20260730_172702_f00002330_t0000080810_256_aug.jpg,train,final_scene_positive,2330,1,1,gamma_0.88+hsv+shadow+motion_blur
ball_test_20260730_172702_f00002340_t0000081157_257.jpg,train,final_scene_positive,2340,1,0,original
ball_test_20260730_172702_f00002340_t0000081157_257_aug.jpg,train,final_scene_positive,2340,1,1,gray3+hsv+glare
ball_test_20260730_172702_f00002350_t0000081504_258.jpg,train,final_scene_positive,2350,1,0,original
ball_test_20260730_172702_f00002350_t0000081504_258_aug.jpg,train,final_scene_positive,2350,1,1,gamma_1.18+gaussian_blur
ball_test_20260730_172702_f00002360_t0000081851_259.jpg,train,final_scene_positive,2360,1,0,original
ball_test_20260730_172702_f00002360_t0000081851_259_aug.jpg,train,final_scene_positive,2360,1,1,gamma_0.70+hsv+shadow+motion_blur
ball_test_20260730_172702_f00002370_t0000082197_260.jpg,train,final_scene_positive,2370,1,0,original
ball_test_20260730_172702_f00002370_t0000082197_260_aug.jpg,train,final_scene_positive,2370,1,1,hsv+shadow+glare+gaussian_blur
ball_test_20260730_172702_f00002380_t0000082544_261.jpg,train,final_scene_positive,2380,1,0,original
ball_test_20260730_172702_f00002380_t0000082544_261_aug.jpg,train,final_scene_positive,2380,1,1,gray3+hsv+shadow+gaussian_blur
ball_test_20260730_172702_f00002410_t0000083585_264.jpg,train,final_scene_positive,2410,1,0,original
ball_test_20260730_172702_f00002410_t0000083585_264_aug.jpg,train,final_scene_positive,2410,1,1,gamma_0.80
ball_test_20260730_172702_f00002420_t0000083932_266.jpg,train,final_scene_positive,2420,1,0,original
ball_test_20260730_172702_f00002420_t0000083932_266_aug.jpg,train,final_scene_positive,2420,1,1,gamma_1.08+hsv+motion_blur
ball_test_20260730_172702_f00002430_t0000084278_262.jpg,train,final_scene_positive,2430,1,0,original
ball_test_20260730_172702_f00002430_t0000084278_262_aug.jpg,train,final_scene_positive,2430,1,1,gamma_0.82
ball_test_20260730_172702_f00002440_t0000084625_70.jpg,train,final_scene_positive,2440,1,0,original
ball_test_20260730_172702_f00002440_t0000084625_70_aug.jpg,train,final_scene_positive,2440,1,1,hsv+motion_blur
ball_test_20260730_172702_f00002450_t0000084972_263.jpg,train,final_scene_positive,2450,1,0,original
ball_test_20260730_172702_f00002450_t0000084972_263_aug.jpg,train,final_scene_positive,2450,1,1,gamma_0.99+shadow+motion_blur
ball_test_20260730_172702_f00002460_t0000085319_265.jpg,train,final_scene_positive,2460,1,0,original
ball_test_20260730_172702_f00002460_t0000085319_265_aug.jpg,train,final_scene_positive,2460,1,1,gamma_0.74+glare
ball_test_20260730_172702_f00002490_t0000086359_269.jpg,train,final_scene_positive,2490,1,0,original
ball_test_20260730_172702_f00002490_t0000086359_269_aug.jpg,train,final_scene_positive,2490,1,1,gamma_1.33+hsv+shadow
ball_test_20260730_172702_f00002500_t0000086706_268.jpg,train,final_scene_positive,2500,1,0,original
ball_test_20260730_172702_f00002500_t0000086706_268_aug.jpg,train,final_scene_positive,2500,1,1,gray3+gamma_1.45+hsv
ball_test_20260730_172702_f00002510_t0000087053_267.jpg,train,final_scene_positive,2510,1,0,original
ball_test_20260730_172702_f00002510_t0000087053_267_aug.jpg,train,final_scene_positive,2510,1,1,gamma_0.96+hsv
ball_test_20260730_172702_f00002520_t0000087400_275.jpg,train,final_scene_positive,2520,1,0,original
ball_test_20260730_172702_f00002520_t0000087400_275_aug.jpg,train,final_scene_positive,2520,1,1,gamma_0.82
ball_test_20260730_172702_f00002530_t0000087747_272.jpg,train,final_scene_positive,2530,1,0,original
ball_test_20260730_172702_f00002530_t0000087747_272_aug.jpg,train,final_scene_positive,2530,1,1,gray3+hsv+motion_blur
ball_test_20260730_172702_f00002540_t0000088094_271.jpg,train,final_scene_positive,2540,1,0,original
ball_test_20260730_172702_f00002540_t0000088094_271_aug.jpg,train,final_scene_positive,2540,1,1,gamma_1.15+hsv+shadow+glare
ball_test_20260730_172702_f00002550_t0000088440_270.jpg,train,final_scene_positive,2550,1,0,original
ball_test_20260730_172702_f00002550_t0000088440_270_aug.jpg,train,final_scene_positive,2550,1,1,gamma_0.82
ball_test_20260730_172702_f00002560_t0000088787_277.jpg,train,final_scene_positive,2560,1,0,original
ball_test_20260730_172702_f00002560_t0000088787_277_aug.jpg,train,final_scene_positive,2560,1,1,gamma_1.16+hsv
ball_test_20260730_172702_f00002570_t0000089134_274.jpg,train,final_scene_positive,2570,1,0,original
ball_test_20260730_172702_f00002570_t0000089134_274_aug.jpg,train,final_scene_positive,2570,1,1,hsv
ball_test_20260730_172702_f00002580_t0000089481_273.jpg,train,final_scene_positive,2580,1,0,original
ball_test_20260730_172702_f00002580_t0000089481_273_aug.jpg,train,final_scene_positive,2580,1,1,hsv+noise
ball_test_20260730_172702_f00002590_t0000089828_276.jpg,train,final_scene_positive,2590,1,0,original
ball_test_20260730_172702_f00002590_t0000089828_276_aug.jpg,train,final_scene_positive,2590,1,1,motion_blur
ball_test_20260730_172702_f00002640_t0000091562_356.jpg,train,final_scene_positive,2640,1,0,original
ball_test_20260730_172702_f00002640_t0000091562_356_aug.jpg,train,final_scene_positive,2640,1,1,gamma_0.88+gaussian_blur
ball_test_20260730_172702_f00002650_t0000091909_357.jpg,train,final_scene_positive,2650,1,0,original
ball_test_20260730_172702_f00002650_t0000091909_357_aug.jpg,train,final_scene_positive,2650,1,1,gamma_1.18+hsv
ball_test_20260730_172702_f00002660_t0000092255_355.jpg,train,final_scene_positive,2660,1,0,original
ball_test_20260730_172702_f00002660_t0000092255_355_aug.jpg,train,final_scene_positive,2660,1,1,gamma_0.96+hsv
ball_test_20260730_172702_f00002700_t0000093643_71.jpg,val,final_scene_positive,2700,1,0,original
ball_test_20260730_172702_f00002710_t0000093990_361.jpg,val,final_scene_positive,2710,1,0,original
ball_test_20260730_172702_f00002720_t0000094336_360.jpg,val,final_scene_positive,2720,1,0,original
ball_test_20260730_172702_f00002730_t0000094683_359.jpg,val,final_scene_positive,2730,1,0,original
ball_test_20260730_172702_f00002740_t0000095030_358.jpg,val,final_scene_positive,2740,1,0,original
ball_test_20260730_172702_f00002750_t0000095377_362.jpg,val,final_scene_positive,2750,1,0,original
ball_test_20260730_172702_f00002790_t0000096764_363.jpg,val,final_scene_positive,2790,1,0,original
ball_test_20260730_172702_f00002800_t0000097111_278.jpg,val,final_scene_positive,2800,1,0,original
ball_test_20260730_172702_f00002810_t0000097458_279.jpg,val,final_scene_positive,2810,1,0,original
ball_test_20260730_172702_f00002820_t0000097805_364.jpg,val,final_scene_positive,2820,1,0,original
ball_test_20260730_172702_f00002830_t0000098151_282.jpg,val,final_scene_positive,2830,1,0,original
ball_test_20260730_172702_f00002840_t0000098498_365.jpg,val,final_scene_positive,2840,1,0,original
ball_test_20260730_172702_f00002850_t0000098845_72.jpg,val,final_scene_positive,2850,1,0,original
ball_test_20260730_172702_f00002860_t0000099192_281.jpg,val,final_scene_positive,2860,1,0,original
ball_test_20260730_172702_f00002870_t0000099539_280.jpg,val,final_scene_positive,2870,1,0,original
ball_test_20260730_172702_f00002880_t0000099886_283.jpg,val,final_scene_positive,2880,1,0,original
ball_test_20260730_172702_f00002890_t0000100232_366.jpg,val,final_scene_positive,2890,1,0,original
ball_test_20260730_172702_f00002900_t0000100579_313.jpg,val,final_scene_positive,2900,1,0,original
ball_test_20260730_172702_f00002910_t0000100926_367.jpg,val,final_scene_positive,2910,1,0,original
ball_test_20260730_172702_f00002920_t0000101273_368.jpg,val,final_scene_positive,2920,1,0,original
ball_test_20260730_172702_f00002930_t0000101620_369.jpg,val,final_scene_positive,2930,1,0,original
ball_test_20260730_172702_f00002950_t0000102313_309.jpg,val,final_scene_positive,2950,1,0,original
ball_test_20260730_172702_f00002960_t0000102660_310.jpg,val,final_scene_positive,2960,1,0,original
ball_test_20260730_172702_f00002970_t0000103007_311.jpg,val,final_scene_positive,2970,1,0,original
ball_test_20260730_172702_f00002980_t0000103354_284.jpg,val,final_scene_positive,2980,1,0,original
ball_test_20260730_172702_f00002990_t0000103701_371.jpg,val,final_scene_positive,2990,1,0,original
ball_test_20260730_172702_f00003030_t0000105088_376.jpg,train,final_scene_positive,3030,1,0,original
ball_test_20260730_172702_f00003030_t0000105088_376_aug.jpg,train,final_scene_positive,3030,1,1,gamma_1.27+motion_blur
ball_test_20260730_172702_f00003040_t0000105435_73.jpg,train,final_scene_positive,3040,1,0,original
ball_test_20260730_172702_f00003040_t0000105435_73_aug.jpg,train,final_scene_positive,3040,1,1,shadow+noise
ball_test_20260730_172702_f00003050_t0000105782_373.jpg,train,final_scene_positive,3050,1,0,original
ball_test_20260730_172702_f00003050_t0000105782_373_aug.jpg,train,final_scene_positive,3050,1,1,shadow+glare+motion_blur
ball_test_20260730_172702_f00003060_t0000106128_374.jpg,train,final_scene_positive,3060,1,0,original
ball_test_20260730_172702_f00003060_t0000106128_374_aug.jpg,train,final_scene_positive,3060,1,1,gamma_1.33+hsv+noise
ball_test_20260730_172702_f00003070_t0000106475_287.jpg,train,final_scene_positive,3070,1,0,original
ball_test_20260730_172702_f00003070_t0000106475_287_aug.jpg,train,final_scene_positive,3070,1,1,gamma_1.33+hsv+shadow
ball_test_20260730_172702_f00003100_t0000107516_375.jpg,train,final_scene_positive,3100,1,0,original
ball_test_20260730_172702_f00003100_t0000107516_375_aug.jpg,train,final_scene_positive,3100,1,1,hsv
ball_test_20260730_172702_f00003110_t0000107863_377.jpg,train,final_scene_positive,3110,1,0,original
ball_test_20260730_172702_f00003110_t0000107863_377_aug.jpg,train,final_scene_positive,3110,1,1,hsv
ball_test_20260730_172702_f00003120_t0000108209_378.jpg,train,final_scene_positive,3120,1,0,original
ball_test_20260730_172702_f00003120_t0000108209_378_aug.jpg,train,final_scene_positive,3120,1,1,hsv+shadow+gaussian_blur
ball_test_20260730_172702_f00003130_t0000108556_291.jpg,train,final_scene_positive,3130,1,0,original
ball_test_20260730_172702_f00003130_t0000108556_291_aug.jpg,train,final_scene_positive,3130,1,1,gray3+gamma_0.76+hsv
ball_test_20260730_172702_f00003140_t0000108903_285.jpg,train,final_scene_positive,3140,1,0,original
ball_test_20260730_172702_f00003140_t0000108903_285_aug.jpg,train,final_scene_positive,3140,1,1,hsv+shadow
ball_test_20260730_172702_f00003150_t0000109250_286.jpg,train,final_scene_positive,3150,1,0,original
ball_test_20260730_172702_f00003150_t0000109250_286_aug.jpg,train,final_scene_positive,3150,1,1,gamma_1.23
ball_test_20260730_172702_f00003160_t0000109597_292.jpg,train,final_scene_positive,3160,1,0,original
ball_test_20260730_172702_f00003160_t0000109597_292_aug.jpg,train,final_scene_positive,3160,1,1,gamma_1.43+hsv+motion_blur
ball_test_20260730_172702_f00003170_t0000109943_288.jpg,train,final_scene_positive,3170,1,0,original
ball_test_20260730_172702_f00003170_t0000109943_288_aug.jpg,train,final_scene_positive,3170,1,1,gamma_1.34+hsv
ball_test_20260730_172702_f00003190_t0000110637_289.jpg,train,final_scene_positive,3190,1,0,original
ball_test_20260730_172702_f00003190_t0000110637_289_aug.jpg,train,final_scene_positive,3190,1,1,hsv+motion_blur
ball_test_20260730_172702_f00003200_t0000110984_290.jpg,train,final_scene_positive,3200,1,0,original
ball_test_20260730_172702_f00003200_t0000110984_290_aug.jpg,train,final_scene_positive,3200,1,1,gamma_1.10+hsv
ball_test_20260730_172702_f00003210_t0000111331_293.jpg,train,final_scene_positive,3210,1,0,original
ball_test_20260730_172702_f00003210_t0000111331_293_aug.jpg,train,final_scene_positive,3210,1,1,gamma_0.90
ball_test_20260730_172702_f00003220_t0000111678_294.jpg,train,final_scene_positive,3220,1,0,original
ball_test_20260730_172702_f00003220_t0000111678_294_aug.jpg,train,final_scene_positive,3220,1,1,gray3+gamma_0.94+shadow
ball_test_20260730_172702_f00003230_t0000112024_379.jpg,train,final_scene_positive,3230,1,0,original
ball_test_20260730_172702_f00003230_t0000112024_379_aug.jpg,train,final_scene_positive,3230,1,1,hsv
ball_test_20260730_172702_f00003240_t0000112371_380.jpg,train,final_scene_positive,3240,1,0,original
ball_test_20260730_172702_f00003240_t0000112371_380_aug.jpg,train,final_scene_positive,3240,1,1,gamma_0.73+hsv+glare
ball_test_20260730_172702_f00003250_t0000112718_381.jpg,train,final_scene_positive,3250,1,0,original
ball_test_20260730_172702_f00003250_t0000112718_381_aug.jpg,train,final_scene_positive,3250,1,1,gamma_1.01+hsv
ball_test_20260730_172702_f00003260_t0000113065_382.jpg,train,final_scene_positive,3260,1,0,original
ball_test_20260730_172702_f00003260_t0000113065_382_aug.jpg,train,final_scene_positive,3260,1,1,gamma_1.26+hsv+shadow
ball_test_20260730_172702_f00003300_t0000114452_385.jpg,test,final_scene_positive,3300,1,0,original
ball_test_20260730_172702_f00003310_t0000114799_386.jpg,test,final_scene_positive,3310,1,0,original
ball_test_20260730_172702_f00003320_t0000115146_387.jpg,test,final_scene_positive,3320,1,0,original
ball_test_20260730_172702_f00003330_t0000115493_388.jpg,test,final_scene_positive,3330,1,0,original
ball_test_20260730_172702_f00003340_t0000115839_389.jpg,test,final_scene_positive,3340,1,0,original
ball_test_20260730_172702_f00003350_t0000116186_295.jpg,test,final_scene_positive,3350,1,0,original
ball_test_20260730_172702_f00003360_t0000116533_390.jpg,test,final_scene_positive,3360,1,0,original
ball_test_20260730_172702_f00003370_t0000116880_391.jpg,test,final_scene_positive,3370,1,0,original
ball_test_20260730_172702_f00003380_t0000117227_392.jpg,test,final_scene_positive,3380,1,0,original
ball_test_20260730_172702_f00003390_t0000117574_393.jpg,test,final_scene_positive,3390,1,0,original
ball_test_20260730_172702_f00003400_t0000117920_395.jpg,test,final_scene_positive,3400,1,0,original
ball_test_20260730_172702_f00003410_t0000118267_394.jpg,test,final_scene_positive,3410,1,0,original
ball_test_20260730_172702_f00003420_t0000118614_398.jpg,test,final_scene_positive,3420,1,0,original
ball_test_20260730_172702_f00003430_t0000118961_396.jpg,test,final_scene_positive,3430,1,0,original
ball_test_20260730_172702_f00003440_t0000119308_341.jpg,test,final_scene_positive,3440,1,0,original
ball_test_20260730_172702_f00003450_t0000119655_397.jpg,test,final_scene_positive,3450,1,0,original
ball_test_20260730_172702_f00003460_t0000120001_340.jpg,test,final_scene_positive,3460,1,0,original
ball_test_20260730_172702_f00003470_t0000120348_296.jpg,test,final_scene_positive,3470,1,0,original
ball_test_20260730_172702_f00003480_t0000120695_343.jpg,test,final_scene_positive,3480,1,0,original
ball_test_20260730_172702_f00003490_t0000121042_344.jpg,test,final_scene_positive,3490,1,0,original
ball_test_20260730_172702_f00003500_t0000121389_345.jpg,test,final_scene_positive,3500,1,0,original
ball_test_20260730_172702_f00003510_t0000121736_346.jpg,test,final_scene_positive,3510,1,0,original
ball_test_20260730_172702_f00003520_t0000122082_347.jpg,test,final_scene_positive,3520,1,0,original
ball_test_20260730_172702_f00003530_t0000122429_350.jpg,test,final_scene_positive,3530,1,0,original
ball_test_20260730_172702_f00003540_t0000122776_74.jpg,test,final_scene_positive,3540,1,0,original
ball_test_20260730_172702_f00003550_t0000123123_348.jpg,test,final_scene_positive,3550,1,0,original
ball_test_20260730_172702_f00003560_t0000123470_349.jpg,test,final_scene_positive,3560,1,0,original
ball_test_20260730_172702_f00003570_t0000123816_318.jpg,test,final_scene_positive,3570,1,0,original
ball_test_20260730_172702_f00003580_t0000124163_342.jpg,test,final_scene_positive,3580,1,0,original
ball_test_20260730_172702_f00003590_t0000124510_298.jpg,test,final_scene_positive,3590,1,0,original
ball_test_20260730_172702_f00003630_t0000125897_320.jpg,train,final_scene_positive,3630,1,0,original
ball_test_20260730_172702_f00003630_t0000125897_320_aug.jpg,train,final_scene_positive,3630,1,1,gray3+gamma_0.86+motion_blur
ball_test_20260730_172702_f00003650_t0000126591_321.jpg,train,final_scene_positive,3650,1,0,original
ball_test_20260730_172702_f00003650_t0000126591_321_aug.jpg,train,final_scene_positive,3650,1,1,gamma_1.05+hsv+shadow+noise
ball_test_20260730_172702_f00003670_t0000127285_75.jpg,train,final_scene_positive,3670,1,0,original
ball_test_20260730_172702_f00003670_t0000127285_75_aug.jpg,train,final_scene_positive,3670,1,1,hsv+noise
ball_test_20260730_172702_f00003680_t0000127632_299.jpg,train,final_scene_positive,3680,1,0,original
ball_test_20260730_172702_f00003680_t0000127632_299_aug.jpg,train,final_scene_positive,3680,1,1,gamma_1.28+motion_blur
ball_test_20260730_172702_f00003700_t0000128325_322.jpg,train,final_scene_positive,3700,1,0,original
ball_test_20260730_172702_f00003700_t0000128325_322_aug.jpg,train,final_scene_positive,3700,1,1,gray3
ball_test_20260730_172702_f00003710_t0000128672_323.jpg,train,final_scene_positive,3710,1,0,original
ball_test_20260730_172702_f00003710_t0000128672_323_aug.jpg,train,final_scene_positive,3710,1,1,gamma_0.77+noise
ball_test_20260730_172702_f00003720_t0000129019_324.jpg,train,final_scene_positive,3720,1,0,original
ball_test_20260730_172702_f00003720_t0000129019_324_aug.jpg,train,final_scene_positive,3720,1,1,hsv
ball_test_20260730_172702_f00003730_t0000129366_326.jpg,train,final_scene_positive,3730,1,0,original
ball_test_20260730_172702_f00003730_t0000129366_326_aug.jpg,train,final_scene_positive,3730,1,1,gamma_1.37+hsv+glare
ball_test_20260730_172702_f00003740_t0000129712_325.jpg,train,final_scene_positive,3740,1,0,original
ball_test_20260730_172702_f00003740_t0000129712_325_aug.jpg,train,final_scene_positive,3740,1,1,gamma_1.20+motion_blur
ball_test_20260730_172702_f00003750_t0000130059_300.jpg,train,final_scene_positive,3750,1,0,original
ball_test_20260730_172702_f00003750_t0000130059_300_aug.jpg,train,final_scene_positive,3750,1,1,gray3+hsv
ball_test_20260730_172702_f00003760_t0000130406_301.jpg,train,final_scene_positive,3760,1,0,original
ball_test_20260730_172702_f00003760_t0000130406_301_aug.jpg,train,final_scene_positive,3760,1,1,gamma_0.70+hsv+motion_blur
ball_test_20260730_172702_f00003770_t0000130753_302.jpg,train,final_scene_positive,3770,1,0,original
ball_test_20260730_172702_f00003770_t0000130753_302_aug.jpg,train,final_scene_positive,3770,1,1,gamma_1.22+motion_blur
ball_test_20260730_172702_f00003790_t0000131447_307.jpg,train,final_scene_positive,3790,1,0,original
ball_test_20260730_172702_f00003790_t0000131447_307_aug.jpg,train,final_scene_positive,3790,1,1,gamma_1.30+hsv
ball_test_20260730_172702_f00003800_t0000131793_303.jpg,train,final_scene_positive,3800,1,0,original
ball_test_20260730_172702_f00003800_t0000131793_303_aug.jpg,train,final_scene_positive,3800,1,1,hsv+shadow
ball_test_20260730_172702_f00003820_t0000132487_327.jpg,train,final_scene_positive,3820,1,0,original
ball_test_20260730_172702_f00003820_t0000132487_327_aug.jpg,train,final_scene_positive,3820,1,1,gamma_1.18+hsv
ball_test_20260730_172702_f00003830_t0000132834_328.jpg,train,final_scene_positive,3830,1,0,original
ball_test_20260730_172702_f00003830_t0000132834_328_aug.jpg,train,final_scene_positive,3830,1,1,gamma_1.18+hsv+shadow
ball_test_20260730_172702_f00003870_t0000134221_304.jpg,train,final_scene_positive,3870,1,0,original
ball_test_20260730_172702_f00003870_t0000134221_304_aug.jpg,train,final_scene_positive,3870,1,1,gamma_0.99
ball_test_20260730_172702_f00003880_t0000134568_305.jpg,train,final_scene_positive,3880,1,0,original
ball_test_20260730_172702_f00003880_t0000134568_305_aug.jpg,train,final_scene_positive,3880,1,1,gamma_0.82
ball_test_20260730_172702_f00003890_t0000134915_306.jpg,train,final_scene_positive,3890,1,0,original
ball_test_20260730_172702_f00003890_t0000134915_306_aug.jpg,train,final_scene_positive,3890,1,1,gamma_1.27+hsv
ball_test_20260730_172702_f00003900_t0000135262_86.jpg,train,final_scene_positive,3900,1,0,original
ball_test_20260730_172702_f00003900_t0000135262_86_aug.jpg,train,final_scene_positive,3900,1,1,gray3+gamma_1.15+shadow
ball_test_20260730_172702_f00003910_t0000135609_119.jpg,train,final_scene_positive,3910,1,0,original
ball_test_20260730_172702_f00003910_t0000135609_119_aug.jpg,train,final_scene_positive,3910,1,1,gamma_1.31+motion_blur
ball_test_20260730_172702_f00003920_t0000135955_210.jpg,train,final_scene_positive,3920,1,0,original
ball_test_20260730_172702_f00003920_t0000135955_210_aug.jpg,train,final_scene_positive,3920,1,1,gamma_1.06+hsv+motion_blur
ball_test_20260730_172702_f00003930_t0000136302_308.jpg,train,final_scene_positive,3930,1,0,original
ball_test_20260730_172702_f00003930_t0000136302_308_aug.jpg,train,final_scene_positive,3930,1,1,gamma_0.72+hsv+glare
ball_test_20260730_172702_f00003940_t0000136649_76.jpg,train,final_scene_positive,3940,1,0,original
ball_test_20260730_172702_f00003940_t0000136649_76_aug.jpg,train,final_scene_positive,3940,1,1,gamma_0.74+hsv+glare
ball_test_20260730_172702_f00003950_t0000136996_93.jpg,train,final_scene_positive,3950,1,0,original
ball_test_20260730_172702_f00003950_t0000136996_93_aug.jpg,train,final_scene_positive,3950,1,1,gamma_1.13+shadow+glare
ball_test_20260730_172702_f00003960_t0000137343_329.jpg,train,final_scene_positive,3960,1,0,original
ball_test_20260730_172702_f00003960_t0000137343_329_aug.jpg,train,final_scene_positive,3960,1,1,gamma_1.38+hsv
ball_test_20260730_172702_f00003970_t0000137689_94.jpg,train,final_scene_positive,3970,1,0,original
ball_test_20260730_172702_f00003970_t0000137689_94_aug.jpg,train,final_scene_positive,3970,1,1,gamma_1.28+shadow
ball_test_20260730_172702_f00003980_t0000138036_330.jpg,train,final_scene_positive,3980,1,0,original
ball_test_20260730_172702_f00003980_t0000138036_330_aug.jpg,train,final_scene_positive,3980,1,1,gamma_0.82
ball_test_20260730_172702_f00003990_t0000138383_95.jpg,train,final_scene_positive,3990,1,0,original
ball_test_20260730_172702_f00003990_t0000138383_95_aug.jpg,train,final_scene_positive,3990,1,1,gamma_0.97+shadow+motion_blur+noise
ball_test_20260730_172702_f00004000_t0000138730_96.jpg,train,final_scene_positive,4000,1,0,original
ball_test_20260730_172702_f00004000_t0000138730_96_aug.jpg,train,final_scene_positive,4000,1,1,hsv+shadow
ball_test_20260730_172702_f00004010_t0000139077_211.jpg,train,final_scene_positive,4010,1,0,original
ball_test_20260730_172702_f00004010_t0000139077_211_aug.jpg,train,final_scene_positive,4010,1,1,gray3+gamma_0.81+glare
ball_test_20260730_172702_f00004020_t0000139424_97.jpg,train,final_scene_positive,4020,1,0,original
ball_test_20260730_172702_f00004020_t0000139424_97_aug.jpg,train,final_scene_positive,4020,1,1,gamma_0.95+shadow+glare
ball_test_20260730_172702_f00004030_t0000139770_98.jpg,train,final_scene_positive,4030,1,0,original
ball_test_20260730_172702_f00004030_t0000139770_98_aug.jpg,train,final_scene_positive,4030,1,1,gray3+gamma_0.77+shadow
ball_test_20260730_172702_f00004040_t0000140117_331.jpg,train,final_scene_positive,4040,1,0,original
ball_test_20260730_172702_f00004040_t0000140117_331_aug.jpg,train,final_scene_positive,4040,1,1,gamma_0.84+gaussian_blur
ball_test_20260730_172702_f00004050_t0000140464_312.jpg,train,final_scene_positive,4050,1,0,original
ball_test_20260730_172702_f00004050_t0000140464_312_aug.jpg,train,final_scene_positive,4050,1,1,gamma_1.30+hsv+shadow
ball_test_20260730_172702_f00004060_t0000140811_99.jpg,train,final_scene_positive,4060,1,0,original
ball_test_20260730_172702_f00004060_t0000140811_99_aug.jpg,train,final_scene_positive,4060,1,1,gamma_0.83+hsv
ball_test_20260730_172702_f00004070_t0000141158_212.jpg,train,final_scene_positive,4070,1,0,original
ball_test_20260730_172702_f00004070_t0000141158_212_aug.jpg,train,final_scene_positive,4070,1,1,gamma_1.15+hsv
ball_test_20260730_172702_f00004080_t0000141505_214.jpg,train,final_scene_positive,4080,1,0,original
ball_test_20260730_172702_f00004080_t0000141505_214_aug.jpg,train,final_scene_positive,4080,1,1,gamma_1.32
ball_test_20260730_172702_f00004090_t0000141851_213.jpg,train,final_scene_positive,4090,1,0,original
ball_test_20260730_172702_f00004090_t0000141851_213_aug.jpg,train,final_scene_positive,4090,1,1,hsv+glare+motion_blur
ball_test_20260730_172702_f00004100_t0000142198_167.jpg,train,final_scene_positive,4100,1,0,original
ball_test_20260730_172702_f00004100_t0000142198_167_aug.jpg,train,final_scene_positive,4100,1,1,gamma_0.96+shadow+noise
ball_test_20260730_172702_f00004110_t0000142545_77.jpg,train,final_scene_positive,4110,1,0,original
ball_test_20260730_172702_f00004110_t0000142545_77_aug.jpg,train,final_scene_positive,4110,1,1,hsv+shadow
ball_test_20260730_172702_f00004120_t0000142892_80.jpg,train,final_scene_positive,4120,1,0,original
ball_test_20260730_172702_f00004120_t0000142892_80_aug.jpg,train,final_scene_positive,4120,1,1,gray3+gamma_1.39+hsv
ball_test_20260730_172702_f00004130_t0000143239_78.jpg,train,final_scene_positive,4130,1,0,original
ball_test_20260730_172702_f00004130_t0000143239_78_aug.jpg,train,final_scene_positive,4130,1,1,gamma_1.26
ball_test_20260730_172702_f00004140_t0000143585_314.jpg,train,final_scene_positive,4140,1,0,original
ball_test_20260730_172702_f00004140_t0000143585_314_aug.jpg,train,final_scene_positive,4140,1,1,gamma_0.97+motion_blur
ball_test_20260730_172702_f00004150_t0000143932_315.jpg,train,final_scene_positive,4150,1,0,original
ball_test_20260730_172702_f00004150_t0000143932_315_aug.jpg,train,final_scene_positive,4150,1,1,gamma_0.84+hsv+shadow+motion_blur
ball_test_20260730_172702_f00004160_t0000144279_169.jpg,train,final_scene_positive,4160,1,0,original
ball_test_20260730_172702_f00004160_t0000144279_169_aug.jpg,train,final_scene_positive,4160,1,1,hsv
ball_test_20260730_172702_f00004170_t0000144626_316.jpg,train,final_scene_positive,4170,1,0,original
ball_test_20260730_172702_f00004170_t0000144626_316_aug.jpg,train,final_scene_positive,4170,1,1,gamma_0.82
ball_test_20260730_172702_f00004180_t0000144973_317.jpg,train,final_scene_positive,4180,1,0,original
ball_test_20260730_172702_f00004180_t0000144973_317_aug.jpg,train,final_scene_positive,4180,1,1,gamma_0.88+hsv+motion_blur
ball_test_20260730_172702_f00004190_t0000145320_168.jpg,train,final_scene_positive,4190,1,0,original
ball_test_20260730_172702_f00004190_t0000145320_168_aug.jpg,train,final_scene_positive,4190,1,1,gamma_0.93+glare
ball_test_20260730_172702_f00004200_t0000145666_172.jpg,train,final_scene_positive,4200,1,0,original
ball_test_20260730_172702_f00004200_t0000145666_172_aug.jpg,train,final_scene_positive,4200,1,1,gamma_1.15+shadow
ball_test_20260730_172702_f00004210_t0000146013_170.jpg,train,final_scene_positive,4210,1,0,original
ball_test_20260730_172702_f00004210_t0000146013_170_aug.jpg,train,final_scene_positive,4210,1,1,shadow+glare+gaussian_blur
ball_test_20260730_172702_f00004220_t0000146360_332.jpg,train,final_scene_positive,4220,1,0,original
ball_test_20260730_172702_f00004220_t0000146360_332_aug.jpg,train,final_scene_positive,4220,1,1,gamma_0.65
ball_test_20260730_172702_f00004230_t0000146707_171.jpg,train,final_scene_positive,4230,1,0,original
ball_test_20260730_172702_f00004230_t0000146707_171_aug.jpg,train,final_scene_positive,4230,1,1,gamma_1.01+hsv+motion_blur
ball_test_20260730_172702_f00004240_t0000147054_174.jpg,train,final_scene_positive,4240,1,0,original
ball_test_20260730_172702_f00004240_t0000147054_174_aug.jpg,train,final_scene_positive,4240,1,1,gamma_1.19+hsv
ball_test_20260730_172702_f00004250_t0000147401_79.jpg,train,final_scene_positive,4250,1,0,original
ball_test_20260730_172702_f00004250_t0000147401_79_aug.jpg,train,final_scene_positive,4250,1,1,gray3+gamma_0.89+shadow+motion_blur
ball_test_20260730_185508_f00000000_t0000000000.jpg,train,final_scene_negative,0,0,0,original
ball_test_20260730_185508_f00000000_t0000000000_aug.jpg,train,final_scene_negative,0,0,1,gamma_0.92+hsv+shadow
ball_test_20260730_185508_f00000010_t0000000347.jpg,train,final_scene_negative,10,0,0,original
ball_test_20260730_185508_f00000010_t0000000347_aug.jpg,train,final_scene_negative,10,0,1,hsv
ball_test_20260730_185508_f00000020_t0000000694.jpg,train,final_scene_negative,20,0,0,original
ball_test_20260730_185508_f00000020_t0000000694_aug.jpg,train,final_scene_negative,20,0,1,gray3+gamma_0.87+hsv
ball_test_20260730_185508_f00000030_t0000001040.jpg,train,final_scene_negative,30,0,0,original
ball_test_20260730_185508_f00000030_t0000001040_aug.jpg,train,final_scene_negative,30,0,1,gray3+gamma_1.22+hsv+gaussian_blur+noise
ball_test_20260730_185508_f00000040_t0000001387.jpg,train,final_scene_negative,40,0,0,original
ball_test_20260730_185508_f00000040_t0000001387_aug.jpg,train,final_scene_negative,40,0,1,gray3+hsv+motion_blur+noise
ball_test_20260730_185508_f00000050_t0000001734.jpg,train,final_scene_negative,50,0,0,original
ball_test_20260730_185508_f00000050_t0000001734_aug.jpg,train,final_scene_negative,50,0,1,gamma_0.98+hsv
ball_test_20260730_185508_f00000060_t0000002081.jpg,train,final_scene_negative,60,0,0,original
ball_test_20260730_185508_f00000060_t0000002081_aug.jpg,train,final_scene_negative,60,0,1,hsv+motion_blur
ball_test_20260730_185508_f00000070_t0000002428.jpg,train,final_scene_negative,70,0,0,original
ball_test_20260730_185508_f00000070_t0000002428_aug.jpg,train,final_scene_negative,70,0,1,gamma_1.23+hsv+shadow+motion_blur
ball_test_20260730_185508_f00000080_t0000002775.jpg,train,final_scene_negative,80,0,0,original
ball_test_20260730_185508_f00000080_t0000002775_aug.jpg,train,final_scene_negative,80,0,1,gray3+gamma_1.35+hsv
ball_test_20260730_185508_f00000090_t0000003121.jpg,train,final_scene_negative,90,0,0,original
ball_test_20260730_185508_f00000090_t0000003121_aug.jpg,train,final_scene_negative,90,0,1,hsv+gaussian_blur
ball_test_20260730_185508_f00000100_t0000003468.jpg,train,final_scene_negative,100,0,0,original
ball_test_20260730_185508_f00000100_t0000003468_aug.jpg,train,final_scene_negative,100,0,1,gamma_1.23+shadow
ball_test_20260730_185508_f00000110_t0000003815.jpg,train,final_scene_negative,110,0,0,original
ball_test_20260730_185508_f00000110_t0000003815_aug.jpg,train,final_scene_negative,110,0,1,gray3+hsv+gaussian_blur
ball_test_20260730_185508_f00000120_t0000004162.jpg,train,final_scene_negative,120,0,0,original
ball_test_20260730_185508_f00000120_t0000004162_aug.jpg,train,final_scene_negative,120,0,1,gamma_1.21+hsv+gaussian_blur
ball_test_20260730_185508_f00000130_t0000004509.jpg,train,final_scene_negative,130,0,0,original
ball_test_20260730_185508_f00000130_t0000004509_aug.jpg,train,final_scene_negative,130,0,1,shadow+glare+motion_blur
ball_test_20260730_185508_f00000140_t0000004856.jpg,train,final_scene_negative,140,0,0,original
ball_test_20260730_185508_f00000140_t0000004856_aug.jpg,train,final_scene_negative,140,0,1,gamma_0.82
ball_test_20260730_185508_f00000150_t0000005202.jpg,train,final_scene_negative,150,0,0,original
ball_test_20260730_185508_f00000150_t0000005202_aug.jpg,train,final_scene_negative,150,0,1,gamma_1.25+hsv+gaussian_blur
ball_test_20260730_185508_f00000160_t0000005549.jpg,train,final_scene_negative,160,0,0,original
ball_test_20260730_185508_f00000160_t0000005549_aug.jpg,train,final_scene_negative,160,0,1,gamma_1.35+hsv
ball_test_20260730_185508_f00000170_t0000005896.jpg,train,final_scene_negative,170,0,0,original
ball_test_20260730_185508_f00000170_t0000005896_aug.jpg,train,final_scene_negative,170,0,1,gamma_1.28+hsv+shadow
ball_test_20260730_185508_f00000180_t0000006243.jpg,train,final_scene_negative,180,0,0,original
ball_test_20260730_185508_f00000180_t0000006243_aug.jpg,train,final_scene_negative,180,0,1,gamma_0.73
ball_test_20260730_185508_f00000190_t0000006590.jpg,train,final_scene_negative,190,0,0,original
ball_test_20260730_185508_f00000190_t0000006590_aug.jpg,train,final_scene_negative,190,0,1,hsv+shadow
ball_test_20260730_185508_f00000200_t0000006936.jpg,train,final_scene_negative,200,0,0,original
ball_test_20260730_185508_f00000200_t0000006936_aug.jpg,train,final_scene_negative,200,0,1,gray3+motion_blur
ball_test_20260730_185508_f00000210_t0000007283.jpg,train,final_scene_negative,210,0,0,original
ball_test_20260730_185508_f00000210_t0000007283_aug.jpg,train,final_scene_negative,210,0,1,gamma_0.80+shadow
ball_test_20260730_185508_f00000220_t0000007630.jpg,train,final_scene_negative,220,0,0,original
ball_test_20260730_185508_f00000220_t0000007630_aug.jpg,train,final_scene_negative,220,0,1,gamma_0.80+glare+motion_blur
ball_test_20260730_185508_f00000230_t0000007977.jpg,train,final_scene_negative,230,0,0,original
ball_test_20260730_185508_f00000230_t0000007977_aug.jpg,train,final_scene_negative,230,0,1,gray3+gamma_0.69
ball_test_20260730_185508_f00000240_t0000008324.jpg,train,final_scene_negative,240,0,0,original
ball_test_20260730_185508_f00000240_t0000008324_aug.jpg,train,final_scene_negative,240,0,1,gray3+gamma_1.05
ball_test_20260730_185508_f00000250_t0000008671.jpg,train,final_scene_negative,250,0,0,original
ball_test_20260730_185508_f00000250_t0000008671_aug.jpg,train,final_scene_negative,250,0,1,gray3+gamma_0.68+gaussian_blur
ball_test_20260730_185508_f00000260_t0000009017.jpg,train,final_scene_negative,260,0,0,original
ball_test_20260730_185508_f00000260_t0000009017_aug.jpg,train,final_scene_negative,260,0,1,gamma_1.29+motion_blur
ball_test_20260730_185508_f00000270_t0000009364.jpg,train,final_scene_negative,270,0,0,original
ball_test_20260730_185508_f00000270_t0000009364_aug.jpg,train,final_scene_negative,270,0,1,gray3+hsv
ball_test_20260730_185508_f00000280_t0000009711.jpg,train,final_scene_negative,280,0,0,original
ball_test_20260730_185508_f00000280_t0000009711_aug.jpg,train,final_scene_negative,280,0,1,gamma_0.92+hsv
ball_test_20260730_185508_f00000290_t0000010058.jpg,train,final_scene_negative,290,0,0,original
ball_test_20260730_185508_f00000290_t0000010058_aug.jpg,train,final_scene_negative,290,0,1,hsv+glare
ball_test_20260730_185508_f00000300_t0000010405.jpg,train,final_scene_negative,300,0,0,original
ball_test_20260730_185508_f00000300_t0000010405_aug.jpg,train,final_scene_negative,300,0,1,gamma_1.11+hsv+shadow+glare
ball_test_20260730_185508_f00000310_t0000010752.jpg,train,final_scene_negative,310,0,0,original
ball_test_20260730_185508_f00000310_t0000010752_aug.jpg,train,final_scene_negative,310,0,1,gray3+motion_blur
ball_test_20260730_185508_f00000320_t0000011098.jpg,train,final_scene_negative,320,0,0,original
ball_test_20260730_185508_f00000320_t0000011098_aug.jpg,train,final_scene_negative,320,0,1,gray3+shadow
ball_test_20260730_185508_f00000330_t0000011445.jpg,train,final_scene_negative,330,0,0,original
ball_test_20260730_185508_f00000330_t0000011445_aug.jpg,train,final_scene_negative,330,0,1,gray3+motion_blur
ball_test_20260730_185508_f00000340_t0000011792.jpg,train,final_scene_negative,340,0,0,original
ball_test_20260730_185508_f00000340_t0000011792_aug.jpg,train,final_scene_negative,340,0,1,gamma_1.33
ball_test_20260730_185508_f00000350_t0000012139.jpg,train,final_scene_negative,350,0,0,original
ball_test_20260730_185508_f00000350_t0000012139_aug.jpg,train,final_scene_negative,350,0,1,gamma_1.00
ball_test_20260730_185508_f00000360_t0000012486.jpg,train,final_scene_negative,360,0,0,original
ball_test_20260730_185508_f00000360_t0000012486_aug.jpg,train,final_scene_negative,360,0,1,hsv+shadow+noise
ball_test_20260730_185508_f00000370_t0000012833.jpg,train,final_scene_negative,370,0,0,original
ball_test_20260730_185508_f00000370_t0000012833_aug.jpg,train,final_scene_negative,370,0,1,gamma_0.80+shadow
ball_test_20260730_185508_f00000380_t0000013179.jpg,train,final_scene_negative,380,0,0,original
ball_test_20260730_185508_f00000380_t0000013179_aug.jpg,train,final_scene_negative,380,0,1,gamma_0.69+hsv
ball_test_20260730_185508_f00000390_t0000013526.jpg,train,final_scene_negative,390,0,0,original
ball_test_20260730_185508_f00000390_t0000013526_aug.jpg,train,final_scene_negative,390,0,1,gamma_0.93
ball_test_20260730_185508_f00000400_t0000013873.jpg,train,final_scene_negative,400,0,0,original
ball_test_20260730_185508_f00000400_t0000013873_aug.jpg,train,final_scene_negative,400,0,1,hsv+glare
ball_test_20260730_185508_f00000410_t0000014220.jpg,train,final_scene_negative,410,0,0,original
ball_test_20260730_185508_f00000410_t0000014220_aug.jpg,train,final_scene_negative,410,0,1,gamma_0.90
ball_test_20260730_185508_f00000420_t0000014567.jpg,train,final_scene_negative,420,0,0,original
ball_test_20260730_185508_f00000420_t0000014567_aug.jpg,train,final_scene_negative,420,0,1,gray3+gamma_0.89+hsv
ball_test_20260730_185508_f00000430_t0000014913.jpg,train,final_scene_negative,430,0,0,original
ball_test_20260730_185508_f00000430_t0000014913_aug.jpg,train,final_scene_negative,430,0,1,gamma_1.11+noise
ball_test_20260730_185508_f00000470_t0000016301.jpg,val,final_scene_negative,470,0,0,original
ball_test_20260730_185508_f00000480_t0000016648.jpg,val,final_scene_negative,480,0,0,original
ball_test_20260730_185508_f00000490_t0000016994.jpg,val,final_scene_negative,490,0,0,original
ball_test_20260730_185508_f00000500_t0000017341.jpg,val,final_scene_negative,500,0,0,original
ball_test_20260730_185508_f00000510_t0000017688.jpg,val,final_scene_negative,510,0,0,original
ball_test_20260730_185508_f00000520_t0000018035.jpg,val,final_scene_negative,520,0,0,original
ball_test_20260730_185508_f00000530_t0000018382.jpg,val,final_scene_negative,530,0,0,original
ball_test_20260730_185508_f00000540_t0000018729.jpg,val,final_scene_negative,540,0,0,original
ball_test_20260730_185508_f00000550_t0000019075.jpg,val,final_scene_negative,550,0,0,original
ball_test_20260730_185508_f00000560_t0000019422.jpg,val,final_scene_negative,560,0,0,original
ball_test_20260730_185508_f00000570_t0000019769.jpg,val,final_scene_negative,570,0,0,original
ball_test_20260730_185508_f00000580_t0000020116.jpg,val,final_scene_negative,580,0,0,original
