image,xml,frame_index,source,has_object
ball_test_20260730_172702_f00000000_t0000000000.jpg,ball_test_20260730_172702_f00000000_t0000000000.xml,0,tracker,1
ball_test_20260730_172702_f00000010_t0000000347.jpg,ball_test_20260730_172702_f00000010_t0000000347.xml,10,tracker,1
ball_test_20260730_172702_f00000020_t0000000694.jpg,ball_test_20260730_172702_f00000020_t0000000694.xml,20,tracker,1
ball_test_20260730_172702_f00000030_t0000001040.jpg,ball_test_20260730_172702_f00000030_t0000001040.xml,30,tracker,1
ball_test_20260730_172702_f00000040_t0000001387.jpg,ball_test_20260730_172702_f00000040_t0000001387.xml,40,tracker,1
ball_test_20260730_172702_f00000050_t0000001734.jpg,ball_test_20260730_172702_f00000050_t0000001734.xml,50,tracker,1
ball_test_20260730_172702_f00000060_t0000002081.jpg,ball_test_20260730_172702_f00000060_t0000002081.xml,60,tracker,1
ball_test_20260730_172702_f00000070_t0000002428.jpg,ball_test_20260730_172702_f00000070_t0000002428.xml,70,tracker,1
ball_test_20260730_172702_f00000080_t0000002775.jpg,ball_test_20260730_172702_f00000080_t0000002775.xml,80,tracker,1
ball_test_20260730_172702_f00000090_t0000003121.jpg,ball_test_20260730_172702_f00000090_t0000003121.xml,90,tracker,1
ball_test_20260730_172702_f00000100_t0000003468.jpg,ball_test_20260730_172702_f00000100_t0000003468.xml,100,tracker,1
ball_test_20260730_172702_f00000110_t0000003815.jpg,ball_test_20260730_172702_f00000110_t0000003815.xml,110,tracker,1
ball_test_20260730_172702_f00000120_t0000004162.jpg,ball_test_20260730_172702_f00000120_t0000004162.xml,120,tracker,1
ball_test_20260730_172702_f00000130_t0000004509.jpg,ball_test_20260730_172702_f00000130_t0000004509.xml,130,tracker,1
ball_test_20260730_172702_f00000140_t0000004856.jpg,ball_test_20260730_172702_f00000140_t0000004856.xml,140,tracker,1
ball_test_20260730_172702_f00000150_t0000005202.jpg,ball_test_20260730_172702_f00000150_t0000005202.xml,150,tracker,1
ball_test_20260730_172702_f00000160_t0000005549.jpg,ball_test_20260730_172702_f00000160_t0000005549.xml,160,tracker,1
ball_test_20260730_172702_f00000170_t0000005896.jpg,ball_test_20260730_172702_f00000170_t0000005896.xml,170,tracker,1
ball_test_20260730_172702_f00000180_t0000006243.jpg,ball_test_20260730_172702_f00000180_t0000006243.xml,180,tracker,1
ball_test_20260730_172702_f00000190_t0000006590.jpg,ball_test_20260730_172702_f00000190_t0000006590.xml,190,tracker,1
ball_test_20260730_172702_f00000200_t0000006936.jpg,ball_test_20260730_172702_f00000200_t0000006936.xml,200,tracker,1
ball_test_20260730_172702_f00000210_t0000007283.jpg,ball_test_20260730_172702_f00000210_t0000007283.xml,210,tracker,1
ball_test_20260730_172702_f00000220_t0000007630.jpg,ball_test_20260730_172702_f00000220_t0000007630.xml,220,tracker,1
ball_test_20260730_172702_f00000230_t0000007977.jpg,ball_test_20260730_172702_f00000230_t0000007977.xml,230,tracker,1
ball_test_20260730_172702_f00000240_t0000008324.jpg,ball_test_20260730_172702_f00000240_t0000008324.xml,240,tracker,1
ball_test_20260730_172702_f00000250_t0000008671.jpg,ball_test_20260730_172702_f00000250_t0000008671.xml,250,tracker,1
ball_test_20260730_172702_f00000260_t0000009017.jpg,ball_test_20260730_172702_f00000260_t0000009017.xml,260,tracker,1
ball_test_20260730_172702_f00000270_t0000009364.jpg,ball_test_20260730_172702_f00000270_t0000009364.xml,270,tracker,1
ball_test_20260730_172702_f00000280_t0000009711.jpg,ball_test_20260730_172702_f00000280_t0000009711.xml,280,tracker,1
ball_test_20260730_172702_f00000290_t0000010058.jpg,ball_test_20260730_172702_f00000290_t0000010058.xml,290,tracker,1
ball_test_20260730_172702_f00000300_t0000010405.jpg,ball_test_20260730_172702_f00000300_t0000010405.xml,300,tracker,1
ball_test_20260730_172702_f00000310_t0000010752.jpg,ball_test_20260730_172702_f00000310_t0000010752.xml,310,tracker,1
ball_test_20260730_172702_f00000320_t0000011098.jpg,ball_test_20260730_172702_f00000320_t0000011098.xml,320,tracker,1
ball_test_20260730_172702_f00000330_t0000011445.jpg,ball_test_20260730_172702_f00000330_t0000011445.xml,330,tracker,1
ball_test_20260730_172702_f00000340_t0000011792.jpg,ball_test_20260730_172702_f00000340_t0000011792.xml,340,tracker,1
ball_test_20260730_172702_f00000350_t0000012139.jpg,ball_test_20260730_172702_f00000350_t0000012139.xml,350,tracker,1
ball_test_20260730_172702_f00000360_t0000012486.jpg,ball_test_20260730_172702_f00000360_t0000012486.xml,360,tracker,1
ball_test_20260730_172702_f00000370_t0000012833.jpg,ball_test_20260730_172702_f00000370_t0000012833.xml,370,tracker,1
ball_test_20260730_172702_f00000380_t0000013179.jpg,ball_test_20260730_172702_f00000380_t0000013179.xml,380,tracker,1
ball_test_20260730_172702_f00000390_t0000013526.jpg,ball_test_20260730_172702_f00000390_t0000013526.xml,390,tracker,1
ball_test_20260730_172702_f00000400_t0000013873.jpg,ball_test_20260730_172702_f00000400_t0000013873.xml,400,tracker,1
ball_test_20260730_172702_f00000410_t0000014220.jpg,ball_test_20260730_172702_f00000410_t0000014220.xml,410,tracker,1
ball_test_20260730_172702_f00000420_t0000014567.jpg,ball_test_20260730_172702_f00000420_t0000014567.xml,420,tracker,1
ball_test_20260730_172702_f00000430_t0000014913.jpg,ball_test_20260730_172702_f00000430_t0000014913.xml,430,tracker,1
ball_test_20260730_172702_f00000440_t0000015260.jpg,ball_test_20260730_172702_f00000440_t0000015260.xml,440,tracker,1
ball_test_20260730_172702_f00000450_t0000015607.jpg,ball_test_20260730_172702_f00000450_t0000015607.xml,450,tracker,1
ball_test_20260730_172702_f00000460_t0000015954.jpg,ball_test_20260730_172702_f00000460_t0000015954.xml,460,tracker,1
ball_test_20260730_172702_f00000470_t0000016301.jpg,ball_test_20260730_172702_f00000470_t0000016301.xml,470,tracker,1
ball_test_20260730_172702_f00000480_t0000016648.jpg,ball_test_20260730_172702_f00000480_t0000016648.xml,480,tracker,1
ball_test_20260730_172702_f00000490_t0000016994.jpg,ball_test_20260730_172702_f00000490_t0000016994.xml,490,tracker,1
ball_test_20260730_172702_f00000500_t0000017341.jpg,ball_test_20260730_172702_f00000500_t0000017341.xml,500,tracker,1
ball_test_20260730_172702_f00000510_t0000017688.jpg,ball_test_20260730_172702_f00000510_t0000017688.xml,510,tracker,1
ball_test_20260730_172702_f00000520_t0000018035.jpg,ball_test_20260730_172702_f00000520_t0000018035.xml,520,tracker,1
ball_test_20260730_172702_f00000530_t0000018382.jpg,ball_test_20260730_172702_f00000530_t0000018382.xml,530,tracker,1
ball_test_20260730_172702_f00000540_t0000018729.jpg,ball_test_20260730_172702_f00000540_t0000018729.xml,540,tracker,1
ball_test_20260730_172702_f00000550_t0000019075.jpg,ball_test_20260730_172702_f00000550_t0000019075.xml,550,tracker,1
ball_test_20260730_172702_f00000560_t0000019422.jpg,ball_test_20260730_172702_f00000560_t0000019422.xml,560,tracker,1
ball_test_20260730_172702_f00000570_t0000019769.jpg,ball_test_20260730_172702_f00000570_t0000019769.xml,570,tracker,1
ball_test_20260730_172702_f00000580_t0000020116.jpg,ball_test_20260730_172702_f00000580_t0000020116.xml,580,tracker,1
ball_test_20260730_172702_f00000590_t0000020463.jpg,ball_test_20260730_172702_f00000590_t0000020463.xml,590,tracker,1
ball_test_20260730_172702_f00000600_t0000020809.jpg,ball_test_20260730_172702_f00000600_t0000020809.xml,600,tracker,1
ball_test_20260730_172702_f00000610_t0000021156.jpg,ball_test_20260730_172702_f00000610_t0000021156.xml,610,tracker,1
ball_test_20260730_172702_f00000620_t0000021503.jpg,ball_test_20260730_172702_f00000620_t0000021503.xml,620,tracker,1
ball_test_20260730_172702_f00000630_t0000021850.jpg,ball_test_20260730_172702_f00000630_t0000021850.xml,630,tracker,1
ball_test_20260730_172702_f00000640_t0000022197.jpg,ball_test_20260730_172702_f00000640_t0000022197.xml,640,tracker,1
ball_test_20260730_172702_f00000650_t0000022544.jpg,ball_test_20260730_172702_f00000650_t0000022544.xml,650,tracker,1
ball_test_20260730_172702_f00000660_t0000022890.jpg,ball_test_20260730_172702_f00000660_t0000022890.xml,660,tracker,1
ball_test_20260730_172702_f00000670_t0000023237.jpg,ball_test_20260730_172702_f00000670_t0000023237.xml,670,tracker,1
ball_test_20260730_172702_f00000680_t0000023584.jpg,ball_test_20260730_172702_f00000680_t0000023584.xml,680,tracker,1
ball_test_20260730_172702_f00000690_t0000023931.jpg,ball_test_20260730_172702_f00000690_t0000023931.xml,690,tracker,1
ball_test_20260730_172702_f00000700_t0000024278.jpg,ball_test_20260730_172702_f00000700_t0000024278.xml,700,tracker,1
ball_test_20260730_172702_f00000710_t0000024625.jpg,ball_test_20260730_172702_f00000710_t0000024625.xml,710,tracker,1
ball_test_20260730_172702_f00000720_t0000024971.jpg,ball_test_20260730_172702_f00000720_t0000024971.xml,720,tracker,1
ball_test_20260730_172702_f00000730_t0000025318.jpg,ball_test_20260730_172702_f00000730_t0000025318.xml,730,tracker,1
ball_test_20260730_172702_f00000740_t0000025665.jpg,ball_test_20260730_172702_f00000740_t0000025665.xml,740,tracker,1
ball_test_20260730_172702_f00000750_t0000026012.jpg,ball_test_20260730_172702_f00000750_t0000026012.xml,750,tracker,1
ball_test_20260730_172702_f00000760_t0000026359.jpg,ball_test_20260730_172702_f00000760_t0000026359.xml,760,tracker,1
ball_test_20260730_172702_f00000770_t0000026706.jpg,ball_test_20260730_172702_f00000770_t0000026706.xml,770,tracker,1
ball_test_20260730_172702_f00000780_t0000027052.jpg,ball_test_20260730_172702_f00000780_t0000027052.xml,780,tracker,1
ball_test_20260730_172702_f00000790_t0000027399.jpg,ball_test_20260730_172702_f00000790_t0000027399.xml,790,tracker,1
ball_test_20260730_172702_f00000800_t0000027746.jpg,ball_test_20260730_172702_f00000800_t0000027746.xml,800,tracker,1
ball_test_20260730_172702_f00000810_t0000028093.jpg,ball_test_20260730_172702_f00000810_t0000028093.xml,810,tracker,1
ball_test_20260730_172702_f00000820_t0000028440.jpg,ball_test_20260730_172702_f00000820_t0000028440.xml,820,tracker,1
ball_test_20260730_172702_f00000830_t0000028786.jpg,ball_test_20260730_172702_f00000830_t0000028786.xml,830,tracker,1
ball_test_20260730_172702_f00000840_t0000029133.jpg,ball_test_20260730_172702_f00000840_t0000029133.xml,840,tracker,1
ball_test_20260730_172702_f00000850_t0000029480.jpg,ball_test_20260730_172702_f00000850_t0000029480.xml,850,tracker,1
ball_test_20260730_172702_f00000860_t0000029827.jpg,ball_test_20260730_172702_f00000860_t0000029827.xml,860,tracker,1
ball_test_20260730_172702_f00000870_t0000030174.jpg,ball_test_20260730_172702_f00000870_t0000030174.xml,870,tracker,1
ball_test_20260730_172702_f00000880_t0000030521.jpg,ball_test_20260730_172702_f00000880_t0000030521.xml,880,tracker,1
ball_test_20260730_172702_f00000890_t0000030867.jpg,ball_test_20260730_172702_f00000890_t0000030867.xml,890,tracker,1
ball_test_20260730_172702_f00000900_t0000031214.jpg,ball_test_20260730_172702_f00000900_t0000031214.xml,900,tracker,1
ball_test_20260730_172702_f00000910_t0000031561.jpg,ball_test_20260730_172702_f00000910_t0000031561.xml,910,tracker,1
ball_test_20260730_172702_f00000920_t0000031908.jpg,ball_test_20260730_172702_f00000920_t0000031908.xml,920,tracker,1
ball_test_20260730_172702_f00000930_t0000032255.jpg,ball_test_20260730_172702_f00000930_t0000032255.xml,930,tracker,1
ball_test_20260730_172702_f00000940_t0000032602.jpg,ball_test_20260730_172702_f00000940_t0000032602.xml,940,tracker,1
ball_test_20260730_172702_f00000950_t0000032948.jpg,ball_test_20260730_172702_f00000950_t0000032948.xml,950,tracker,1
ball_test_20260730_172702_f00000960_t0000033295.jpg,ball_test_20260730_172702_f00000960_t0000033295.xml,960,tracker,1
ball_test_20260730_172702_f00000970_t0000033642.jpg,ball_test_20260730_172702_f00000970_t0000033642.xml,970,tracker,1
ball_test_20260730_172702_f00000980_t0000033989.jpg,ball_test_20260730_172702_f00000980_t0000033989.xml,980,tracker,1
ball_test_20260730_172702_f00000990_t0000034336.jpg,ball_test_20260730_172702_f00000990_t0000034336.xml,990,tracker,1
ball_test_20260730_172702_f00001000_t0000034682.jpg,ball_test_20260730_172702_f00001000_t0000034682.xml,1000,tracker,1
ball_test_20260730_172702_f00001010_t0000035029.jpg,ball_test_20260730_172702_f00001010_t0000035029.xml,1010,tracker,1
ball_test_20260730_172702_f00001020_t0000035376.jpg,ball_test_20260730_172702_f00001020_t0000035376.xml,1020,tracker,1
ball_test_20260730_172702_f00001030_t0000035723.jpg,ball_test_20260730_172702_f00001030_t0000035723.xml,1030,tracker,1
ball_test_20260730_172702_f00001040_t0000036070.jpg,ball_test_20260730_172702_f00001040_t0000036070.xml,1040,tracker,1
ball_test_20260730_172702_f00001050_t0000036417.jpg,ball_test_20260730_172702_f00001050_t0000036417.xml,1050,tracker,1
ball_test_20260730_172702_f00001060_t0000036763.jpg,ball_test_20260730_172702_f00001060_t0000036763.xml,1060,tracker,1
ball_test_20260730_172702_f00001070_t0000037110.jpg,ball_test_20260730_172702_f00001070_t0000037110.xml,1070,tracker,1
ball_test_20260730_172702_f00001080_t0000037457.jpg,ball_test_20260730_172702_f00001080_t0000037457.xml,1080,tracker,1
ball_test_20260730_172702_f00001090_t0000037804.jpg,ball_test_20260730_172702_f00001090_t0000037804.xml,1090,tracker,1
ball_test_20260730_172702_f00001100_t0000038151.jpg,ball_test_20260730_172702_f00001100_t0000038151.xml,1100,tracker,1
ball_test_20260730_172702_f00001110_t0000038498.jpg,ball_test_20260730_172702_f00001110_t0000038498.xml,1110,tracker,1
ball_test_20260730_172702_f00001120_t0000038844.jpg,ball_test_20260730_172702_f00001120_t0000038844.xml,1120,tracker,1
ball_test_20260730_172702_f00001130_t0000039191.jpg,ball_test_20260730_172702_f00001130_t0000039191.xml,1130,tracker,1
ball_test_20260730_172702_f00001140_t0000039538.jpg,ball_test_20260730_172702_f00001140_t0000039538.xml,1140,tracker,1
ball_test_20260730_172702_f00001150_t0000039885.jpg,ball_test_20260730_172702_f00001150_t0000039885.xml,1150,tracker,1
ball_test_20260730_172702_f00001160_t0000040232.jpg,ball_test_20260730_172702_f00001160_t0000040232.xml,1160,tracker,1
ball_test_20260730_172702_f00001170_t0000040579.jpg,ball_test_20260730_172702_f00001170_t0000040579.xml,1170,tracker,1
ball_test_20260730_172702_f00001180_t0000040925.jpg,ball_test_20260730_172702_f00001180_t0000040925.xml,1180,tracker,1
ball_test_20260730_172702_f00001190_t0000041272.jpg,ball_test_20260730_172702_f00001190_t0000041272.xml,1190,tracker,1
ball_test_20260730_172702_f00001200_t0000041619.jpg,ball_test_20260730_172702_f00001200_t0000041619.xml,1200,tracker,1
ball_test_20260730_172702_f00001210_t0000041966.jpg,ball_test_20260730_172702_f00001210_t0000041966.xml,1210,tracker,1
ball_test_20260730_172702_f00001220_t0000042313.jpg,ball_test_20260730_172702_f00001220_t0000042313.xml,1220,tracker,1
ball_test_20260730_172702_f00001230_t0000042659.jpg,ball_test_20260730_172702_f00001230_t0000042659.xml,1230,tracker,1
ball_test_20260730_172702_f00001240_t0000043006.jpg,ball_test_20260730_172702_f00001240_t0000043006.xml,1240,tracker,1
ball_test_20260730_172702_f00001250_t0000043353.jpg,ball_test_20260730_172702_f00001250_t0000043353.xml,1250,tracker,1
ball_test_20260730_172702_f00001260_t0000043700.jpg,ball_test_20260730_172702_f00001260_t0000043700.xml,1260,tracker,1
ball_test_20260730_172702_f00001270_t0000044047.jpg,ball_test_20260730_172702_f00001270_t0000044047.xml,1270,tracker,1
ball_test_20260730_172702_f00001280_t0000044394.jpg,ball_test_20260730_172702_f00001280_t0000044394.xml,1280,tracker,1
ball_test_20260730_172702_f00001290_t0000044740.jpg,ball_test_20260730_172702_f00001290_t0000044740.xml,1290,tracker,1
ball_test_20260730_172702_f00001300_t0000045087.jpg,ball_test_20260730_172702_f00001300_t0000045087.xml,1300,tracker,1
ball_test_20260730_172702_f00001310_t0000045434.jpg,ball_test_20260730_172702_f00001310_t0000045434.xml,1310,tracker,1
ball_test_20260730_172702_f00001320_t0000045781.jpg,ball_test_20260730_172702_f00001320_t0000045781.xml,1320,tracker,1
ball_test_20260730_172702_f00001330_t0000046128.jpg,ball_test_20260730_172702_f00001330_t0000046128.xml,1330,tracker,1
ball_test_20260730_172702_f00001340_t0000046475.jpg,ball_test_20260730_172702_f00001340_t0000046475.xml,1340,tracker,1
ball_test_20260730_172702_f00001350_t0000046821.jpg,ball_test_20260730_172702_f00001350_t0000046821.xml,1350,tracker,1
ball_test_20260730_172702_f00001360_t0000047168.jpg,ball_test_20260730_172702_f00001360_t0000047168.xml,1360,tracker,1
ball_test_20260730_172702_f00001370_t0000047515.jpg,ball_test_20260730_172702_f00001370_t0000047515.xml,1370,tracker,1
ball_test_20260730_172702_f00001380_t0000047862.jpg,ball_test_20260730_172702_f00001380_t0000047862.xml,1380,tracker,1
ball_test_20260730_172702_f00001390_t0000048209.jpg,ball_test_20260730_172702_f00001390_t0000048209.xml,1390,tracker,1
ball_test_20260730_172702_f00001400_t0000048555.jpg,ball_test_20260730_172702_f00001400_t0000048555.xml,1400,tracker,1
ball_test_20260730_172702_f00001410_t0000048902.jpg,ball_test_20260730_172702_f00001410_t0000048902.xml,1410,tracker,1
ball_test_20260730_172702_f00001420_t0000049249.jpg,ball_test_20260730_172702_f00001420_t0000049249.xml,1420,tracker,1
ball_test_20260730_172702_f00001430_t0000049596.jpg,ball_test_20260730_172702_f00001430_t0000049596.xml,1430,tracker,1
ball_test_20260730_172702_f00001440_t0000049943.jpg,ball_test_20260730_172702_f00001440_t0000049943.xml,1440,tracker,1
ball_test_20260730_172702_f00001450_t0000050290.jpg,ball_test_20260730_172702_f00001450_t0000050290.xml,1450,tracker,1
ball_test_20260730_172702_f00001460_t0000050636.jpg,ball_test_20260730_172702_f00001460_t0000050636.xml,1460,tracker,1
ball_test_20260730_172702_f00001470_t0000050983.jpg,ball_test_20260730_172702_f00001470_t0000050983.xml,1470,tracker,1
ball_test_20260730_172702_f00001480_t0000051330.jpg,ball_test_20260730_172702_f00001480_t0000051330.xml,1480,tracker,1
ball_test_20260730_172702_f00001490_t0000051677.jpg,ball_test_20260730_172702_f00001490_t0000051677.xml,1490,tracker,1
ball_test_20260730_172702_f00001500_t0000052024.jpg,ball_test_20260730_172702_f00001500_t0000052024.xml,1500,tracker,1
ball_test_20260730_172702_f00001510_t0000052371.jpg,ball_test_20260730_172702_f00001510_t0000052371.xml,1510,tracker,1
ball_test_20260730_172702_f00001520_t0000052717.jpg,ball_test_20260730_172702_f00001520_t0000052717.xml,1520,tracker,1
ball_test_20260730_172702_f00001530_t0000053064.jpg,ball_test_20260730_172702_f00001530_t0000053064.xml,1530,tracker,1
ball_test_20260730_172702_f00001540_t0000053411.jpg,ball_test_20260730_172702_f00001540_t0000053411.xml,1540,tracker,1
ball_test_20260730_172702_f00001550_t0000053758.jpg,ball_test_20260730_172702_f00001550_t0000053758.xml,1550,tracker,1
ball_test_20260730_172702_f00001560_t0000054105.jpg,ball_test_20260730_172702_f00001560_t0000054105.xml,1560,tracker,1
ball_test_20260730_172702_f00001570_t0000054451.jpg,ball_test_20260730_172702_f00001570_t0000054451.xml,1570,tracker,1
ball_test_20260730_172702_f00001580_t0000054798.jpg,ball_test_20260730_172702_f00001580_t0000054798.xml,1580,tracker,1
ball_test_20260730_172702_f00001590_t0000055145.jpg,ball_test_20260730_172702_f00001590_t0000055145.xml,1590,tracker,1
ball_test_20260730_172702_f00001600_t0000055492.jpg,ball_test_20260730_172702_f00001600_t0000055492.xml,1600,tracker,1
ball_test_20260730_172702_f00001610_t0000055839.jpg,ball_test_20260730_172702_f00001610_t0000055839.xml,1610,tracker,1
ball_test_20260730_172702_f00001620_t0000056186.jpg,ball_test_20260730_172702_f00001620_t0000056186.xml,1620,tracker,1
ball_test_20260730_172702_f00001630_t0000056532.jpg,ball_test_20260730_172702_f00001630_t0000056532.xml,1630,tracker,1
ball_test_20260730_172702_f00001640_t0000056879.jpg,ball_test_20260730_172702_f00001640_t0000056879.xml,1640,tracker,1
ball_test_20260730_172702_f00001650_t0000057226.jpg,ball_test_20260730_172702_f00001650_t0000057226.xml,1650,tracker,1
ball_test_20260730_172702_f00001660_t0000057573.jpg,ball_test_20260730_172702_f00001660_t0000057573.xml,1660,tracker,1
ball_test_20260730_172702_f00001670_t0000057920.jpg,ball_test_20260730_172702_f00001670_t0000057920.xml,1670,tracker,1
ball_test_20260730_172702_f00001680_t0000058267.jpg,ball_test_20260730_172702_f00001680_t0000058267.xml,1680,tracker,1
ball_test_20260730_172702_f00001690_t0000058613.jpg,ball_test_20260730_172702_f00001690_t0000058613.xml,1690,tracker,1
ball_test_20260730_172702_f00001700_t0000058960.jpg,ball_test_20260730_172702_f00001700_t0000058960.xml,1700,tracker,1
ball_test_20260730_172702_f00001710_t0000059307.jpg,ball_test_20260730_172702_f00001710_t0000059307.xml,1710,tracker,1
ball_test_20260730_172702_f00001720_t0000059654.jpg,ball_test_20260730_172702_f00001720_t0000059654.xml,1720,tracker,1
ball_test_20260730_172702_f00001730_t0000060001.jpg,ball_test_20260730_172702_f00001730_t0000060001.xml,1730,tracker,1
ball_test_20260730_172702_f00001740_t0000060348.jpg,ball_test_20260730_172702_f00001740_t0000060348.xml,1740,tracker,1
ball_test_20260730_172702_f00001750_t0000060694.jpg,ball_test_20260730_172702_f00001750_t0000060694.xml,1750,tracker,1
ball_test_20260730_172702_f00001760_t0000061041.jpg,ball_test_20260730_172702_f00001760_t0000061041.xml,1760,tracker,1
ball_test_20260730_172702_f00001770_t0000061388.jpg,ball_test_20260730_172702_f00001770_t0000061388.xml,1770,tracker,1
ball_test_20260730_172702_f00001780_t0000061735.jpg,ball_test_20260730_172702_f00001780_t0000061735.xml,1780,tracker,1
ball_test_20260730_172702_f00001790_t0000062082.jpg,ball_test_20260730_172702_f00001790_t0000062082.xml,1790,tracker,1
ball_test_20260730_172702_f00001800_t0000062428.jpg,ball_test_20260730_172702_f00001800_t0000062428.xml,1800,tracker,1
ball_test_20260730_172702_f00001810_t0000062775.jpg,ball_test_20260730_172702_f00001810_t0000062775.xml,1810,tracker,1
ball_test_20260730_172702_f00001820_t0000063122.jpg,ball_test_20260730_172702_f00001820_t0000063122.xml,1820,tracker,1
ball_test_20260730_172702_f00001830_t0000063469.jpg,ball_test_20260730_172702_f00001830_t0000063469.xml,1830,tracker,1
ball_test_20260730_172702_f00001840_t0000063816.jpg,ball_test_20260730_172702_f00001840_t0000063816.xml,1840,tracker,1
ball_test_20260730_172702_f00001850_t0000064163.jpg,ball_test_20260730_172702_f00001850_t0000064163.xml,1850,tracker,1
ball_test_20260730_172702_f00001860_t0000064509.jpg,ball_test_20260730_172702_f00001860_t0000064509.xml,1860,tracker,1
ball_test_20260730_172702_f00001870_t0000064856.jpg,ball_test_20260730_172702_f00001870_t0000064856.xml,1870,tracker,1
ball_test_20260730_172702_f00001880_t0000065203.jpg,ball_test_20260730_172702_f00001880_t0000065203.xml,1880,tracker,1
ball_test_20260730_172702_f00001890_t0000065550.jpg,ball_test_20260730_172702_f00001890_t0000065550.xml,1890,tracker,1
ball_test_20260730_172702_f00001900_t0000065897.jpg,ball_test_20260730_172702_f00001900_t0000065897.xml,1900,tracker,1
ball_test_20260730_172702_f00001910_t0000066244.jpg,ball_test_20260730_172702_f00001910_t0000066244.xml,1910,tracker,1
ball_test_20260730_172702_f00001920_t0000066590.jpg,ball_test_20260730_172702_f00001920_t0000066590.xml,1920,tracker,1
ball_test_20260730_172702_f00001930_t0000066937.jpg,ball_test_20260730_172702_f00001930_t0000066937.xml,1930,tracker,1
ball_test_20260730_172702_f00001940_t0000067284.jpg,ball_test_20260730_172702_f00001940_t0000067284.xml,1940,tracker,1
ball_test_20260730_172702_f00001950_t0000067631.jpg,ball_test_20260730_172702_f00001950_t0000067631.xml,1950,tracker,1
ball_test_20260730_172702_f00001960_t0000067978.jpg,ball_test_20260730_172702_f00001960_t0000067978.xml,1960,tracker,1
ball_test_20260730_172702_f00001970_t0000068324.jpg,ball_test_20260730_172702_f00001970_t0000068324.xml,1970,tracker,1
ball_test_20260730_172702_f00001980_t0000068671.jpg,ball_test_20260730_172702_f00001980_t0000068671.xml,1980,tracker,1
ball_test_20260730_172702_f00001990_t0000069018.jpg,ball_test_20260730_172702_f00001990_t0000069018.xml,1990,tracker,1
ball_test_20260730_172702_f00002000_t0000069365.jpg,ball_test_20260730_172702_f00002000_t0000069365.xml,2000,tracker,1
ball_test_20260730_172702_f00002010_t0000069712.jpg,ball_test_20260730_172702_f00002010_t0000069712.xml,2010,tracker,1
ball_test_20260730_172702_f00002020_t0000070059.jpg,ball_test_20260730_172702_f00002020_t0000070059.xml,2020,tracker,1
ball_test_20260730_172702_f00002030_t0000070405.jpg,ball_test_20260730_172702_f00002030_t0000070405.xml,2030,tracker,1
ball_test_20260730_172702_f00002040_t0000070752.jpg,ball_test_20260730_172702_f00002040_t0000070752.xml,2040,tracker,1
ball_test_20260730_172702_f00002050_t0000071099.jpg,ball_test_20260730_172702_f00002050_t0000071099.xml,2050,tracker,1
ball_test_20260730_172702_f00002060_t0000071446.jpg,ball_test_20260730_172702_f00002060_t0000071446.xml,2060,tracker,1
ball_test_20260730_172702_f00002070_t0000071793.jpg,ball_test_20260730_172702_f00002070_t0000071793.xml,2070,tracker,1
ball_test_20260730_172702_f00002080_t0000072140.jpg,ball_test_20260730_172702_f00002080_t0000072140.xml,2080,tracker,1
ball_test_20260730_172702_f00002090_t0000072486.jpg,ball_test_20260730_172702_f00002090_t0000072486.xml,2090,tracker,1
ball_test_20260730_172702_f00002100_t0000072833.jpg,ball_test_20260730_172702_f00002100_t0000072833.xml,2100,tracker,1
ball_test_20260730_172702_f00002110_t0000073180.jpg,ball_test_20260730_172702_f00002110_t0000073180.xml,2110,tracker,1
ball_test_20260730_172702_f00002120_t0000073527.jpg,ball_test_20260730_172702_f00002120_t0000073527.xml,2120,tracker,1
ball_test_20260730_172702_f00002130_t0000073874.jpg,ball_test_20260730_172702_f00002130_t0000073874.xml,2130,tracker,1
ball_test_20260730_172702_f00002140_t0000074221.jpg,ball_test_20260730_172702_f00002140_t0000074221.xml,2140,tracker,1
ball_test_20260730_172702_f00002150_t0000074567.jpg,ball_test_20260730_172702_f00002150_t0000074567.xml,2150,tracker,1
ball_test_20260730_172702_f00002160_t0000074914.jpg,ball_test_20260730_172702_f00002160_t0000074914.xml,2160,tracker,1
ball_test_20260730_172702_f00002170_t0000075261.jpg,ball_test_20260730_172702_f00002170_t0000075261.xml,2170,tracker,1
ball_test_20260730_172702_f00002180_t0000075608.jpg,ball_test_20260730_172702_f00002180_t0000075608.xml,2180,tracker,1
ball_test_20260730_172702_f00002190_t0000075955.jpg,ball_test_20260730_172702_f00002190_t0000075955.xml,2190,tracker,1
ball_test_20260730_172702_f00002200_t0000076301.jpg,ball_test_20260730_172702_f00002200_t0000076301.xml,2200,tracker,1
ball_test_20260730_172702_f00002210_t0000076648.jpg,ball_test_20260730_172702_f00002210_t0000076648.xml,2210,tracker,1
ball_test_20260730_172702_f00002220_t0000076995.jpg,ball_test_20260730_172702_f00002220_t0000076995.xml,2220,tracker,1
ball_test_20260730_172702_f00002230_t0000077342.jpg,ball_test_20260730_172702_f00002230_t0000077342.xml,2230,tracker,1
ball_test_20260730_172702_f00002240_t0000077689.jpg,ball_test_20260730_172702_f00002240_t0000077689.xml,2240,yolo_rod,1
ball_test_20260730_172702_f00002250_t0000078036.jpg,ball_test_20260730_172702_f00002250_t0000078036.xml,2250,yolo_rod,1
ball_test_20260730_172702_f00002260_t0000078382.jpg,ball_test_20260730_172702_f00002260_t0000078382.xml,2260,empty,0
ball_test_20260730_172702_f00002270_t0000078729.jpg,ball_test_20260730_172702_f00002270_t0000078729.xml,2270,empty,0
ball_test_20260730_172702_f00002280_t0000079076.jpg,ball_test_20260730_172702_f00002280_t0000079076.xml,2280,empty,0
ball_test_20260730_172702_f00002290_t0000079423.jpg,ball_test_20260730_172702_f00002290_t0000079423.xml,2290,empty,0
ball_test_20260730_172702_f00002300_t0000079770.jpg,ball_test_20260730_172702_f00002300_t0000079770.xml,2300,empty,0
ball_test_20260730_172702_f00002310_t0000080117.jpg,ball_test_20260730_172702_f00002310_t0000080117.xml,2310,empty,0
ball_test_20260730_172702_f00002320_t0000080463.jpg,ball_test_20260730_172702_f00002320_t0000080463.xml,2320,empty,0
ball_test_20260730_172702_f00002330_t0000080810.jpg,ball_test_20260730_172702_f00002330_t0000080810.xml,2330,empty,0
ball_test_20260730_172702_f00002340_t0000081157.jpg,ball_test_20260730_172702_f00002340_t0000081157.xml,2340,empty,0
ball_test_20260730_172702_f00002350_t0000081504.jpg,ball_test_20260730_172702_f00002350_t0000081504.xml,2350,empty,0
ball_test_20260730_172702_f00002360_t0000081851.jpg,ball_test_20260730_172702_f00002360_t0000081851.xml,2360,yolo_rod,1
ball_test_20260730_172702_f00002370_t0000082197.jpg,ball_test_20260730_172702_f00002370_t0000082197.xml,2370,empty,0
ball_test_20260730_172702_f00002380_t0000082544.jpg,ball_test_20260730_172702_f00002380_t0000082544.xml,2380,yolo_rod,1
ball_test_20260730_172702_f00002390_t0000082891.jpg,ball_test_20260730_172702_f00002390_t0000082891.xml,2390,yolo_rod,1
ball_test_20260730_172702_f00002400_t0000083238.jpg,ball_test_20260730_172702_f00002400_t0000083238.xml,2400,empty,0
ball_test_20260730_172702_f00002410_t0000083585.jpg,ball_test_20260730_172702_f00002410_t0000083585.xml,2410,empty,0
ball_test_20260730_172702_f00002420_t0000083932.jpg,ball_test_20260730_172702_f00002420_t0000083932.xml,2420,empty,0
ball_test_20260730_172702_f00002430_t0000084278.jpg,ball_test_20260730_172702_f00002430_t0000084278.xml,2430,empty,0
ball_test_20260730_172702_f00002440_t0000084625.jpg,ball_test_20260730_172702_f00002440_t0000084625.xml,2440,yolo_rod,1
ball_test_20260730_172702_f00002450_t0000084972.jpg,ball_test_20260730_172702_f00002450_t0000084972.xml,2450,empty,0
ball_test_20260730_172702_f00002460_t0000085319.jpg,ball_test_20260730_172702_f00002460_t0000085319.xml,2460,empty,0
ball_test_20260730_172702_f00002470_t0000085666.jpg,ball_test_20260730_172702_f00002470_t0000085666.xml,2470,empty,0
ball_test_20260730_172702_f00002480_t0000086013.jpg,ball_test_20260730_172702_f00002480_t0000086013.xml,2480,empty,0
ball_test_20260730_172702_f00002490_t0000086359.jpg,ball_test_20260730_172702_f00002490_t0000086359.xml,2490,empty,0
ball_test_20260730_172702_f00002500_t0000086706.jpg,ball_test_20260730_172702_f00002500_t0000086706.xml,2500,empty,0
ball_test_20260730_172702_f00002510_t0000087053.jpg,ball_test_20260730_172702_f00002510_t0000087053.xml,2510,empty,0
ball_test_20260730_172702_f00002520_t0000087400.jpg,ball_test_20260730_172702_f00002520_t0000087400.xml,2520,yolo_rod,1
ball_test_20260730_172702_f00002530_t0000087747.jpg,ball_test_20260730_172702_f00002530_t0000087747.xml,2530,empty,0
ball_test_20260730_172702_f00002540_t0000088094.jpg,ball_test_20260730_172702_f00002540_t0000088094.xml,2540,yolo_rod,1
ball_test_20260730_172702_f00002550_t0000088440.jpg,ball_test_20260730_172702_f00002550_t0000088440.xml,2550,yolo_rod,1
ball_test_20260730_172702_f00002560_t0000088787.jpg,ball_test_20260730_172702_f00002560_t0000088787.xml,2560,empty,0
ball_test_20260730_172702_f00002570_t0000089134.jpg,ball_test_20260730_172702_f00002570_t0000089134.xml,2570,empty,0
ball_test_20260730_172702_f00002580_t0000089481.jpg,ball_test_20260730_172702_f00002580_t0000089481.xml,2580,empty,0
ball_test_20260730_172702_f00002590_t0000089828.jpg,ball_test_20260730_172702_f00002590_t0000089828.xml,2590,empty,0
ball_test_20260730_172702_f00002600_t0000090174.jpg,ball_test_20260730_172702_f00002600_t0000090174.xml,2600,empty,0
ball_test_20260730_172702_f00002610_t0000090521.jpg,ball_test_20260730_172702_f00002610_t0000090521.xml,2610,empty,0
ball_test_20260730_172702_f00002620_t0000090868.jpg,ball_test_20260730_172702_f00002620_t0000090868.xml,2620,empty,0
ball_test_20260730_172702_f00002630_t0000091215.jpg,ball_test_20260730_172702_f00002630_t0000091215.xml,2630,empty,0
ball_test_20260730_172702_f00002640_t0000091562.jpg,ball_test_20260730_172702_f00002640_t0000091562.xml,2640,empty,0
ball_test_20260730_172702_f00002650_t0000091909.jpg,ball_test_20260730_172702_f00002650_t0000091909.xml,2650,yolo_rod,1
ball_test_20260730_172702_f00002660_t0000092255.jpg,ball_test_20260730_172702_f00002660_t0000092255.xml,2660,yolo_rod,1
ball_test_20260730_172702_f00002670_t0000092602.jpg,ball_test_20260730_172702_f00002670_t0000092602.xml,2670,yolo_rod,1
ball_test_20260730_172702_f00002680_t0000092949.jpg,ball_test_20260730_172702_f00002680_t0000092949.xml,2680,empty,0
ball_test_20260730_172702_f00002690_t0000093296.jpg,ball_test_20260730_172702_f00002690_t0000093296.xml,2690,yolo_rod,1
ball_test_20260730_172702_f00002700_t0000093643.jpg,ball_test_20260730_172702_f00002700_t0000093643.xml,2700,yolo_rod,1
ball_test_20260730_172702_f00002710_t0000093990.jpg,ball_test_20260730_172702_f00002710_t0000093990.xml,2710,yolo_rod,1
ball_test_20260730_172702_f00002720_t0000094336.jpg,ball_test_20260730_172702_f00002720_t0000094336.xml,2720,yolo_rod,1
ball_test_20260730_172702_f00002730_t0000094683.jpg,ball_test_20260730_172702_f00002730_t0000094683.xml,2730,empty,0
ball_test_20260730_172702_f00002740_t0000095030.jpg,ball_test_20260730_172702_f00002740_t0000095030.xml,2740,empty,0
ball_test_20260730_172702_f00002750_t0000095377.jpg,ball_test_20260730_172702_f00002750_t0000095377.xml,2750,empty,0
ball_test_20260730_172702_f00002760_t0000095724.jpg,ball_test_20260730_172702_f00002760_t0000095724.xml,2760,empty,0
ball_test_20260730_172702_f00002770_t0000096070.jpg,ball_test_20260730_172702_f00002770_t0000096070.xml,2770,empty,0
ball_test_20260730_172702_f00002780_t0000096417.jpg,ball_test_20260730_172702_f00002780_t0000096417.xml,2780,empty,0
ball_test_20260730_172702_f00002790_t0000096764.jpg,ball_test_20260730_172702_f00002790_t0000096764.xml,2790,empty,0
ball_test_20260730_172702_f00002800_t0000097111.jpg,ball_test_20260730_172702_f00002800_t0000097111.xml,2800,empty,0
ball_test_20260730_172702_f00002810_t0000097458.jpg,ball_test_20260730_172702_f00002810_t0000097458.xml,2810,empty,0
ball_test_20260730_172702_f00002820_t0000097805.jpg,ball_test_20260730_172702_f00002820_t0000097805.xml,2820,empty,0
ball_test_20260730_172702_f00002830_t0000098151.jpg,ball_test_20260730_172702_f00002830_t0000098151.xml,2830,empty,0
ball_test_20260730_172702_f00002840_t0000098498.jpg,ball_test_20260730_172702_f00002840_t0000098498.xml,2840,yolo_rod,1
ball_test_20260730_172702_f00002850_t0000098845.jpg,ball_test_20260730_172702_f00002850_t0000098845.xml,2850,yolo_rod,1
ball_test_20260730_172702_f00002860_t0000099192.jpg,ball_test_20260730_172702_f00002860_t0000099192.xml,2860,empty,0
ball_test_20260730_172702_f00002870_t0000099539.jpg,ball_test_20260730_172702_f00002870_t0000099539.xml,2870,empty,0
ball_test_20260730_172702_f00002880_t0000099886.jpg,ball_test_20260730_172702_f00002880_t0000099886.xml,2880,empty,0
ball_test_20260730_172702_f00002890_t0000100232.jpg,ball_test_20260730_172702_f00002890_t0000100232.xml,2890,empty,0
ball_test_20260730_172702_f00002900_t0000100579.jpg,ball_test_20260730_172702_f00002900_t0000100579.xml,2900,empty,0
ball_test_20260730_172702_f00002910_t0000100926.jpg,ball_test_20260730_172702_f00002910_t0000100926.xml,2910,empty,0
ball_test_20260730_172702_f00002920_t0000101273.jpg,ball_test_20260730_172702_f00002920_t0000101273.xml,2920,yolo_rod,1
ball_test_20260730_172702_f00002930_t0000101620.jpg,ball_test_20260730_172702_f00002930_t0000101620.xml,2930,empty,0
ball_test_20260730_172702_f00002940_t0000101966.jpg,ball_test_20260730_172702_f00002940_t0000101966.xml,2940,empty,0
ball_test_20260730_172702_f00002950_t0000102313.jpg,ball_test_20260730_172702_f00002950_t0000102313.xml,2950,empty,0
ball_test_20260730_172702_f00002960_t0000102660.jpg,ball_test_20260730_172702_f00002960_t0000102660.xml,2960,empty,0
ball_test_20260730_172702_f00002970_t0000103007.jpg,ball_test_20260730_172702_f00002970_t0000103007.xml,2970,yolo_rod,1
ball_test_20260730_172702_f00002980_t0000103354.jpg,ball_test_20260730_172702_f00002980_t0000103354.xml,2980,empty,0
ball_test_20260730_172702_f00002990_t0000103701.jpg,ball_test_20260730_172702_f00002990_t0000103701.xml,2990,empty,0
ball_test_20260730_172702_f00003000_t0000104047.jpg,ball_test_20260730_172702_f00003000_t0000104047.xml,3000,empty,0
ball_test_20260730_172702_f00003010_t0000104394.jpg,ball_test_20260730_172702_f00003010_t0000104394.xml,3010,empty,0
ball_test_20260730_172702_f00003020_t0000104741.jpg,ball_test_20260730_172702_f00003020_t0000104741.xml,3020,empty,0
ball_test_20260730_172702_f00003030_t0000105088.jpg,ball_test_20260730_172702_f00003030_t0000105088.xml,3030,empty,0
ball_test_20260730_172702_f00003040_t0000105435.jpg,ball_test_20260730_172702_f00003040_t0000105435.xml,3040,yolo_rod,1
ball_test_20260730_172702_f00003050_t0000105782.jpg,ball_test_20260730_172702_f00003050_t0000105782.xml,3050,empty,0
ball_test_20260730_172702_f00003060_t0000106128.jpg,ball_test_20260730_172702_f00003060_t0000106128.xml,3060,yolo_rod,1
ball_test_20260730_172702_f00003070_t0000106475.jpg,ball_test_20260730_172702_f00003070_t0000106475.xml,3070,yolo_rod,1
ball_test_20260730_172702_f00003080_t0000106822.jpg,ball_test_20260730_172702_f00003080_t0000106822.xml,3080,yolo_rod,1
ball_test_20260730_172702_f00003090_t0000107169.jpg,ball_test_20260730_172702_f00003090_t0000107169.xml,3090,yolo_rod,1
ball_test_20260730_172702_f00003100_t0000107516.jpg,ball_test_20260730_172702_f00003100_t0000107516.xml,3100,empty,0
ball_test_20260730_172702_f00003110_t0000107863.jpg,ball_test_20260730_172702_f00003110_t0000107863.xml,3110,empty,0
ball_test_20260730_172702_f00003120_t0000108209.jpg,ball_test_20260730_172702_f00003120_t0000108209.xml,3120,empty,0
ball_test_20260730_172702_f00003130_t0000108556.jpg,ball_test_20260730_172702_f00003130_t0000108556.xml,3130,empty,0
ball_test_20260730_172702_f00003140_t0000108903.jpg,ball_test_20260730_172702_f00003140_t0000108903.xml,3140,empty,0
ball_test_20260730_172702_f00003150_t0000109250.jpg,ball_test_20260730_172702_f00003150_t0000109250.xml,3150,empty,0
ball_test_20260730_172702_f00003160_t0000109597.jpg,ball_test_20260730_172702_f00003160_t0000109597.xml,3160,empty,0
ball_test_20260730_172702_f00003170_t0000109943.jpg,ball_test_20260730_172702_f00003170_t0000109943.xml,3170,empty,0
ball_test_20260730_172702_f00003180_t0000110290.jpg,ball_test_20260730_172702_f00003180_t0000110290.xml,3180,empty,0
ball_test_20260730_172702_f00003190_t0000110637.jpg,ball_test_20260730_172702_f00003190_t0000110637.xml,3190,empty,0
ball_test_20260730_172702_f00003200_t0000110984.jpg,ball_test_20260730_172702_f00003200_t0000110984.xml,3200,empty,0
ball_test_20260730_172702_f00003210_t0000111331.jpg,ball_test_20260730_172702_f00003210_t0000111331.xml,3210,empty,0
ball_test_20260730_172702_f00003220_t0000111678.jpg,ball_test_20260730_172702_f00003220_t0000111678.xml,3220,empty,0
ball_test_20260730_172702_f00003230_t0000112024.jpg,ball_test_20260730_172702_f00003230_t0000112024.xml,3230,empty,0
ball_test_20260730_172702_f00003240_t0000112371.jpg,ball_test_20260730_172702_f00003240_t0000112371.xml,3240,empty,0
ball_test_20260730_172702_f00003250_t0000112718.jpg,ball_test_20260730_172702_f00003250_t0000112718.xml,3250,empty,0
ball_test_20260730_172702_f00003260_t0000113065.jpg,ball_test_20260730_172702_f00003260_t0000113065.xml,3260,empty,0
ball_test_20260730_172702_f00003270_t0000113412.jpg,ball_test_20260730_172702_f00003270_t0000113412.xml,3270,yolo_rod,1
ball_test_20260730_172702_f00003280_t0000113759.jpg,ball_test_20260730_172702_f00003280_t0000113759.xml,3280,yolo_rod,1
ball_test_20260730_172702_f00003290_t0000114105.jpg,ball_test_20260730_172702_f00003290_t0000114105.xml,3290,empty,0
ball_test_20260730_172702_f00003300_t0000114452.jpg,ball_test_20260730_172702_f00003300_t0000114452.xml,3300,empty,0
ball_test_20260730_172702_f00003310_t0000114799.jpg,ball_test_20260730_172702_f00003310_t0000114799.xml,3310,empty,0
ball_test_20260730_172702_f00003320_t0000115146.jpg,ball_test_20260730_172702_f00003320_t0000115146.xml,3320,yolo_rod,1
ball_test_20260730_172702_f00003330_t0000115493.jpg,ball_test_20260730_172702_f00003330_t0000115493.xml,3330,yolo_rod,1
ball_test_20260730_172702_f00003340_t0000115839.jpg,ball_test_20260730_172702_f00003340_t0000115839.xml,3340,empty,0
ball_test_20260730_172702_f00003350_t0000116186.jpg,ball_test_20260730_172702_f00003350_t0000116186.xml,3350,empty,0
ball_test_20260730_172702_f00003360_t0000116533.jpg,ball_test_20260730_172702_f00003360_t0000116533.xml,3360,empty,0
ball_test_20260730_172702_f00003370_t0000116880.jpg,ball_test_20260730_172702_f00003370_t0000116880.xml,3370,empty,0
ball_test_20260730_172702_f00003380_t0000117227.jpg,ball_test_20260730_172702_f00003380_t0000117227.xml,3380,empty,0
ball_test_20260730_172702_f00003390_t0000117574.jpg,ball_test_20260730_172702_f00003390_t0000117574.xml,3390,empty,0
ball_test_20260730_172702_f00003400_t0000117920.jpg,ball_test_20260730_172702_f00003400_t0000117920.xml,3400,empty,0
ball_test_20260730_172702_f00003410_t0000118267.jpg,ball_test_20260730_172702_f00003410_t0000118267.xml,3410,empty,0
ball_test_20260730_172702_f00003420_t0000118614.jpg,ball_test_20260730_172702_f00003420_t0000118614.xml,3420,empty,0
ball_test_20260730_172702_f00003430_t0000118961.jpg,ball_test_20260730_172702_f00003430_t0000118961.xml,3430,empty,0
ball_test_20260730_172702_f00003440_t0000119308.jpg,ball_test_20260730_172702_f00003440_t0000119308.xml,3440,empty,0
ball_test_20260730_172702_f00003450_t0000119655.jpg,ball_test_20260730_172702_f00003450_t0000119655.xml,3450,empty,0
ball_test_20260730_172702_f00003460_t0000120001.jpg,ball_test_20260730_172702_f00003460_t0000120001.xml,3460,empty,0
ball_test_20260730_172702_f00003470_t0000120348.jpg,ball_test_20260730_172702_f00003470_t0000120348.xml,3470,yolo_rod,1
ball_test_20260730_172702_f00003480_t0000120695.jpg,ball_test_20260730_172702_f00003480_t0000120695.xml,3480,yolo_rod,1
ball_test_20260730_172702_f00003490_t0000121042.jpg,ball_test_20260730_172702_f00003490_t0000121042.xml,3490,yolo_rod,1
ball_test_20260730_172702_f00003500_t0000121389.jpg,ball_test_20260730_172702_f00003500_t0000121389.xml,3500,yolo_rod,1
ball_test_20260730_172702_f00003510_t0000121736.jpg,ball_test_20260730_172702_f00003510_t0000121736.xml,3510,empty,0
ball_test_20260730_172702_f00003520_t0000122082.jpg,ball_test_20260730_172702_f00003520_t0000122082.xml,3520,yolo_rod,1
ball_test_20260730_172702_f00003530_t0000122429.jpg,ball_test_20260730_172702_f00003530_t0000122429.xml,3530,empty,0
ball_test_20260730_172702_f00003540_t0000122776.jpg,ball_test_20260730_172702_f00003540_t0000122776.xml,3540,yolo_rod,1
ball_test_20260730_172702_f00003550_t0000123123.jpg,ball_test_20260730_172702_f00003550_t0000123123.xml,3550,empty,0
ball_test_20260730_172702_f00003560_t0000123470.jpg,ball_test_20260730_172702_f00003560_t0000123470.xml,3560,empty,0
ball_test_20260730_172702_f00003570_t0000123816.jpg,ball_test_20260730_172702_f00003570_t0000123816.xml,3570,empty,0
ball_test_20260730_172702_f00003580_t0000124163.jpg,ball_test_20260730_172702_f00003580_t0000124163.xml,3580,empty,0
ball_test_20260730_172702_f00003590_t0000124510.jpg,ball_test_20260730_172702_f00003590_t0000124510.xml,3590,empty,0
ball_test_20260730_172702_f00003600_t0000124857.jpg,ball_test_20260730_172702_f00003600_t0000124857.xml,3600,empty,0
ball_test_20260730_172702_f00003610_t0000125204.jpg,ball_test_20260730_172702_f00003610_t0000125204.xml,3610,empty,0
ball_test_20260730_172702_f00003620_t0000125551.jpg,ball_test_20260730_172702_f00003620_t0000125551.xml,3620,empty,0
ball_test_20260730_172702_f00003630_t0000125897.jpg,ball_test_20260730_172702_f00003630_t0000125897.xml,3630,empty,0
ball_test_20260730_172702_f00003640_t0000126244.jpg,ball_test_20260730_172702_f00003640_t0000126244.xml,3640,empty,0
ball_test_20260730_172702_f00003650_t0000126591.jpg,ball_test_20260730_172702_f00003650_t0000126591.xml,3650,empty,0
ball_test_20260730_172702_f00003660_t0000126938.jpg,ball_test_20260730_172702_f00003660_t0000126938.xml,3660,empty,0
ball_test_20260730_172702_f00003670_t0000127285.jpg,ball_test_20260730_172702_f00003670_t0000127285.xml,3670,empty,0
ball_test_20260730_172702_f00003680_t0000127632.jpg,ball_test_20260730_172702_f00003680_t0000127632.xml,3680,empty,0
ball_test_20260730_172702_f00003690_t0000127978.jpg,ball_test_20260730_172702_f00003690_t0000127978.xml,3690,empty,0
ball_test_20260730_172702_f00003700_t0000128325.jpg,ball_test_20260730_172702_f00003700_t0000128325.xml,3700,yolo_rod,1
ball_test_20260730_172702_f00003710_t0000128672.jpg,ball_test_20260730_172702_f00003710_t0000128672.xml,3710,empty,0
ball_test_20260730_172702_f00003720_t0000129019.jpg,ball_test_20260730_172702_f00003720_t0000129019.xml,3720,empty,0
ball_test_20260730_172702_f00003730_t0000129366.jpg,ball_test_20260730_172702_f00003730_t0000129366.xml,3730,empty,0
ball_test_20260730_172702_f00003740_t0000129712.jpg,ball_test_20260730_172702_f00003740_t0000129712.xml,3740,empty,0
ball_test_20260730_172702_f00003750_t0000130059.jpg,ball_test_20260730_172702_f00003750_t0000130059.xml,3750,empty,0
ball_test_20260730_172702_f00003760_t0000130406.jpg,ball_test_20260730_172702_f00003760_t0000130406.xml,3760,empty,0
ball_test_20260730_172702_f00003770_t0000130753.jpg,ball_test_20260730_172702_f00003770_t0000130753.xml,3770,empty,0
ball_test_20260730_172702_f00003780_t0000131100.jpg,ball_test_20260730_172702_f00003780_t0000131100.xml,3780,empty,0
ball_test_20260730_172702_f00003790_t0000131447.jpg,ball_test_20260730_172702_f00003790_t0000131447.xml,3790,empty,0
ball_test_20260730_172702_f00003800_t0000131793.jpg,ball_test_20260730_172702_f00003800_t0000131793.xml,3800,empty,0
ball_test_20260730_172702_f00003810_t0000132140.jpg,ball_test_20260730_172702_f00003810_t0000132140.xml,3810,empty,0
ball_test_20260730_172702_f00003820_t0000132487.jpg,ball_test_20260730_172702_f00003820_t0000132487.xml,3820,yolo_rod,1
ball_test_20260730_172702_f00003830_t0000132834.jpg,ball_test_20260730_172702_f00003830_t0000132834.xml,3830,empty,0
ball_test_20260730_172702_f00003840_t0000133181.jpg,ball_test_20260730_172702_f00003840_t0000133181.xml,3840,empty,0
ball_test_20260730_172702_f00003850_t0000133528.jpg,ball_test_20260730_172702_f00003850_t0000133528.xml,3850,empty,0
ball_test_20260730_172702_f00003860_t0000133874.jpg,ball_test_20260730_172702_f00003860_t0000133874.xml,3860,empty,0
ball_test_20260730_172702_f00003870_t0000134221.jpg,ball_test_20260730_172702_f00003870_t0000134221.xml,3870,empty,0
ball_test_20260730_172702_f00003880_t0000134568.jpg,ball_test_20260730_172702_f00003880_t0000134568.xml,3880,yolo_free,1
ball_test_20260730_172702_f00003890_t0000134915.jpg,ball_test_20260730_172702_f00003890_t0000134915.xml,3890,yolo_free,1
ball_test_20260730_172702_f00003900_t0000135262.jpg,ball_test_20260730_172702_f00003900_t0000135262.xml,3900,yolo_free,1
ball_test_20260730_172702_f00003910_t0000135609.jpg,ball_test_20260730_172702_f00003910_t0000135609.xml,3910,yolo_free,1
ball_test_20260730_172702_f00003920_t0000135955.jpg,ball_test_20260730_172702_f00003920_t0000135955.xml,3920,yolo_free,1
ball_test_20260730_172702_f00003930_t0000136302.jpg,ball_test_20260730_172702_f00003930_t0000136302.xml,3930,empty,0
ball_test_20260730_172702_f00003940_t0000136649.jpg,ball_test_20260730_172702_f00003940_t0000136649.xml,3940,yolo_free,1
ball_test_20260730_172702_f00003950_t0000136996.jpg,ball_test_20260730_172702_f00003950_t0000136996.xml,3950,yolo_free,1
ball_test_20260730_172702_f00003960_t0000137343.jpg,ball_test_20260730_172702_f00003960_t0000137343.xml,3960,yolo_free,1
ball_test_20260730_172702_f00003970_t0000137689.jpg,ball_test_20260730_172702_f00003970_t0000137689.xml,3970,yolo_free,1
ball_test_20260730_172702_f00003980_t0000138036.jpg,ball_test_20260730_172702_f00003980_t0000138036.xml,3980,yolo_free,1
ball_test_20260730_172702_f00003990_t0000138383.jpg,ball_test_20260730_172702_f00003990_t0000138383.xml,3990,yolo_free,1
ball_test_20260730_172702_f00004000_t0000138730.jpg,ball_test_20260730_172702_f00004000_t0000138730.xml,4000,yolo_free,1
ball_test_20260730_172702_f00004010_t0000139077.jpg,ball_test_20260730_172702_f00004010_t0000139077.xml,4010,yolo_free,1
ball_test_20260730_172702_f00004020_t0000139424.jpg,ball_test_20260730_172702_f00004020_t0000139424.xml,4020,yolo_free,1
ball_test_20260730_172702_f00004030_t0000139770.jpg,ball_test_20260730_172702_f00004030_t0000139770.xml,4030,yolo_free,1
ball_test_20260730_172702_f00004040_t0000140117.jpg,ball_test_20260730_172702_f00004040_t0000140117.xml,4040,yolo_free,1
ball_test_20260730_172702_f00004050_t0000140464.jpg,ball_test_20260730_172702_f00004050_t0000140464.xml,4050,yolo_free,1
ball_test_20260730_172702_f00004060_t0000140811.jpg,ball_test_20260730_172702_f00004060_t0000140811.xml,4060,yolo_free,1
ball_test_20260730_172702_f00004070_t0000141158.jpg,ball_test_20260730_172702_f00004070_t0000141158.xml,4070,yolo_free,1
ball_test_20260730_172702_f00004080_t0000141505.jpg,ball_test_20260730_172702_f00004080_t0000141505.xml,4080,yolo_free,1
ball_test_20260730_172702_f00004090_t0000141851.jpg,ball_test_20260730_172702_f00004090_t0000141851.xml,4090,yolo_free,1
ball_test_20260730_172702_f00004100_t0000142198.jpg,ball_test_20260730_172702_f00004100_t0000142198.xml,4100,yolo_free,1
ball_test_20260730_172702_f00004110_t0000142545.jpg,ball_test_20260730_172702_f00004110_t0000142545.xml,4110,yolo_free,1
ball_test_20260730_172702_f00004120_t0000142892.jpg,ball_test_20260730_172702_f00004120_t0000142892.xml,4120,yolo_free,1
ball_test_20260730_172702_f00004130_t0000143239.jpg,ball_test_20260730_172702_f00004130_t0000143239.xml,4130,yolo_free,1
ball_test_20260730_172702_f00004140_t0000143585.jpg,ball_test_20260730_172702_f00004140_t0000143585.xml,4140,yolo_free,1
ball_test_20260730_172702_f00004150_t0000143932.jpg,ball_test_20260730_172702_f00004150_t0000143932.xml,4150,yolo_free,1
ball_test_20260730_172702_f00004160_t0000144279.jpg,ball_test_20260730_172702_f00004160_t0000144279.xml,4160,yolo_free,1
ball_test_20260730_172702_f00004170_t0000144626.jpg,ball_test_20260730_172702_f00004170_t0000144626.xml,4170,yolo_free,1
ball_test_20260730_172702_f00004180_t0000144973.jpg,ball_test_20260730_172702_f00004180_t0000144973.xml,4180,yolo_free,1
ball_test_20260730_172702_f00004190_t0000145320.jpg,ball_test_20260730_172702_f00004190_t0000145320.xml,4190,yolo_free,1
ball_test_20260730_172702_f00004200_t0000145666.jpg,ball_test_20260730_172702_f00004200_t0000145666.xml,4200,yolo_free,1
ball_test_20260730_172702_f00004210_t0000146013.jpg,ball_test_20260730_172702_f00004210_t0000146013.xml,4210,yolo_free,1
ball_test_20260730_172702_f00004220_t0000146360.jpg,ball_test_20260730_172702_f00004220_t0000146360.xml,4220,yolo_free,1
ball_test_20260730_172702_f00004230_t0000146707.jpg,ball_test_20260730_172702_f00004230_t0000146707.xml,4230,yolo_free,1
ball_test_20260730_172702_f00004240_t0000147054.jpg,ball_test_20260730_172702_f00004240_t0000147054.xml,4240,yolo_free,1
ball_test_20260730_172702_f00004250_t0000147401.jpg,ball_test_20260730_172702_f00004250_t0000147401.xml,4250,yolo_free,1
